Date,Opponent,Innings,Over,Ball,Bowler,Event,Runs,Where
9/16/24,Canada,1,1,1,Karan KC,.,0,Away
9/16/24,Canada,1,1,2,Karan KC,1,1,Away
9/16/24,Canada,1,1,3,Karan KC,.,0,Away
9/16/24,Canada,1,1,4,Karan KC,.,0,Away
9/16/24,Canada,1,1,5,Karan KC,.,0,Away
9/16/24,Canada,1,1,6,Karan KC,.,0,Away
9/16/24,Canada,1,2,1,Sompal Kami,.,0,Away
9/16/24,Canada,1,2,2,Sompal Kami,1w,1,Away
9/16/24,Canada,1,2,2,Sompal Kami,4,4,Away
9/16/24,Canada,1,2,3,Sompal Kami,.,0,Away
9/16/24,Canada,1,2,4,Sompal Kami,.,0,Away
9/16/24,Canada,1,2,5,Sompal Kami,.,0,Away
9/16/24,Canada,1,2,6,Sompal Kami,.,0,Away
9/16/24,Canada,1,3,1,Karan KC,.,0,Away
9/16/24,Canada,1,3,2,Karan KC,.,0,Away
9/16/24,Canada,1,3,3,Karan KC,.,0,Away
9/16/24,Canada,1,3,4,Karan KC,1,1,Away
9/16/24,Canada,1,3,5,Karan KC,.,0,Away
9/16/24,Canada,1,3,6,Karan KC,.,0,Away
9/16/24,Canada,1,4,1,Sompal Kami,.,0,Away
9/16/24,Canada,1,4,2,Sompal Kami,.,0,Away
9/16/24,Canada,1,4,3,Sompal Kami,.,0,Away
9/16/24,Canada,1,4,4,Sompal Kami,.,0,Away
9/16/24,Canada,1,4,5,Sompal Kami,.,0,Away
9/16/24,Canada,1,4,6,Sompal Kami,1,1,Away
9/16/24,Canada,1,5,1,Karan KC,.,0,Away
9/16/24,Canada,1,5,2,Karan KC,.,0,Away
9/16/24,Canada,1,5,3,Karan KC,.,0,Away
9/16/24,Canada,1,5,4,Karan KC,.,0,Away
9/16/24,Canada,1,5,5,Karan KC,.,0,Away
9/16/24,Canada,1,5,6,Karan KC,.,0,Away
9/16/24,Canada,1,6,1,Sompal Kami,.,0,Away
9/16/24,Canada,1,6,2,Sompal Kami,.,0,Away
9/16/24,Canada,1,6,3,Sompal Kami,4,4,Away
9/16/24,Canada,1,6,4,Sompal Kami,.,0,Away
9/16/24,Canada,1,6,5,Sompal Kami,1,1,Away
9/16/24,Canada,1,6,6,Sompal Kami,.,0,Away
9/16/24,Canada,1,7,1,Lalit Rajbanshi,W,0,Away
9/16/24,Canada,1,7,2,Lalit Rajbanshi,.,0,Away
9/16/24,Canada,1,7,3,Lalit Rajbanshi,.,0,Away
9/16/24,Canada,1,7,4,Lalit Rajbanshi,.,0,Away
9/16/24,Canada,1,7,5,Lalit Rajbanshi,.,0,Away
9/16/24,Canada,1,7,6,Lalit Rajbanshi,1,1,Away
9/16/24,Canada,1,8,1,Karan KC,1,1,Away
9/16/24,Canada,1,8,2,Karan KC,.,0,Away
9/16/24,Canada,1,8,3,Karan KC,.,0,Away
9/16/24,Canada,1,8,4,Karan KC,.,0,Away
9/16/24,Canada,1,8,5,Karan KC,.,0,Away
9/16/24,Canada,1,8,6,Karan KC,2,2,Away
9/16/24,Canada,1,9,1,Lalit Rajbanshi,.,0,Away
9/16/24,Canada,1,9,2,Lalit Rajbanshi,6,6,Away
9/16/24,Canada,1,9,3,Lalit Rajbanshi,.,0,Away
9/16/24,Canada,1,9,4,Lalit Rajbanshi,1,1,Away
9/16/24,Canada,1,9,5,Lalit Rajbanshi,.,0,Away
9/16/24,Canada,1,9,6,Lalit Rajbanshi,.,0,Away
9/16/24,Canada,1,10,1,Karan KC,.,0,Away
9/16/24,Canada,1,10,2,Karan KC,1,1,Away
9/16/24,Canada,1,10,3,Karan KC,.,0,Away
9/16/24,Canada,1,10,4,Karan KC,4,4,Away
9/16/24,Canada,1,10,5,Karan KC,.,0,Away
9/16/24,Canada,1,10,6,Karan KC,.,0,Away
9/16/24,Canada,1,11,1,Sandeep Lamichhane,1,1,Away
9/16/24,Canada,1,11,2,Sandeep Lamichhane,.,0,Away
9/16/24,Canada,1,11,3,Sandeep Lamichhane,.,0,Away
9/16/24,Canada,1,11,4,Sandeep Lamichhane,1,1,Away
9/16/24,Canada,1,11,5,Sandeep Lamichhane,2nb,2,Away
9/16/24,Canada,1,11,5,Sandeep Lamichhane,1w,1,Away
9/16/24,Canada,1,11,5,Sandeep Lamichhane,4,4,Away
9/16/24,Canada,1,11,6,Sandeep Lamichhane,1,1,Away
9/16/24,Canada,1,12,1,Gulsan Jha,1w,1,Away
9/16/24,Canada,1,12,1,Gulsan Jha,1,1,Away
9/16/24,Canada,1,12,2,Gulsan Jha,.,0,Away
9/16/24,Canada,1,12,3,Gulsan Jha,.,0,Away
9/16/24,Canada,1,12,4,Gulsan Jha,1,1,Away
9/16/24,Canada,1,12,5,Gulsan Jha,.,0,Away
9/16/24,Canada,1,12,6,Gulsan Jha,.,0,Away
9/16/24,Canada,1,13,1,Sandeep Lamichhane,.,0,Away
9/16/24,Canada,1,13,2,Sandeep Lamichhane,.,0,Away
9/16/24,Canada,1,13,3,Sandeep Lamichhane,.,0,Away
9/16/24,Canada,1,13,4,Sandeep Lamichhane,.,0,Away
9/16/24,Canada,1,13,5,Sandeep Lamichhane,.,0,Away
9/16/24,Canada,1,13,6,Sandeep Lamichhane,1,1,Away
9/16/24,Canada,1,14,1,Gulsan Jha,.,0,Away
9/16/24,Canada,1,14,2,Gulsan Jha,.,0,Away
9/16/24,Canada,1,14,3,Gulsan Jha,2w,2,Away
9/16/24,Canada,1,14,3,Gulsan Jha,.,0,Away
9/16/24,Canada,1,14,4,Gulsan Jha,1,1,Away
9/16/24,Canada,1,14,5,Gulsan Jha,.,0,Away
9/16/24,Canada,1,14,6,Gulsan Jha,.,0,Away
9/16/24,Canada,1,15,1,Sandeep Lamichhane,.,0,Away
9/16/24,Canada,1,15,2,Sandeep Lamichhane,1,1,Away
9/16/24,Canada,1,15,3,Sandeep Lamichhane,1,1,Away
9/16/24,Canada,1,15,4,Sandeep Lamichhane,1,1,Away
9/16/24,Canada,1,15,5,Sandeep Lamichhane,.,0,Away
9/16/24,Canada,1,15,6,Sandeep Lamichhane,.,0,Away
9/16/24,Canada,1,16,1,Gulsan Jha,1w,1,Away
9/16/24,Canada,1,16,1,Gulsan Jha,.,0,Away
9/16/24,Canada,1,16,2,Gulsan Jha,.,0,Away
9/16/24,Canada,1,16,3,Gulsan Jha,1w,1,Away
9/16/24,Canada,1,16,3,Gulsan Jha,.,0,Away
9/16/24,Canada,1,16,4,Gulsan Jha,1,1,Away
9/16/24,Canada,1,16,5,Gulsan Jha,1,1,Away
9/16/24,Canada,1,16,6,Gulsan Jha,.,0,Away
9/16/24,Canada,1,17,1,Sandeep Lamichhane,.,0,Away
9/16/24,Canada,1,17,2,Sandeep Lamichhane,1,1,Away
9/16/24,Canada,1,17,3,Sandeep Lamichhane,1,1,Away
9/16/24,Canada,1,17,4,Sandeep Lamichhane,.,0,Away
9/16/24,Canada,1,17,5,Sandeep Lamichhane,W,0,Away
9/16/24,Canada,1,17,6,Sandeep Lamichhane,1,1,Away
9/16/24,Canada,1,18,1,Kushal Malla,.,0,Away
9/16/24,Canada,1,18,2,Kushal Malla,.,0,Away
9/16/24,Canada,1,18,3,Kushal Malla,.,0,Away
9/16/24,Canada,1,18,4,Kushal Malla,1,1,Away
9/16/24,Canada,1,18,5,Kushal Malla,.,0,Away
9/16/24,Canada,1,18,6,Kushal Malla,.,0,Away
9/16/24,Canada,1,19,1,Sandeep Lamichhane,.,0,Away
9/16/24,Canada,1,19,2,Sandeep Lamichhane,1,1,Away
9/16/24,Canada,1,19,3,Sandeep Lamichhane,.,0,Away
9/16/24,Canada,1,19,4,Sandeep Lamichhane,1w,1,Away
9/16/24,Canada,1,19,4,Sandeep Lamichhane,1,1,Away
9/16/24,Canada,1,19,5,Sandeep Lamichhane,.,0,Away
9/16/24,Canada,1,19,6,Sandeep Lamichhane,1,1,Away
9/16/24,Canada,1,20,1,Kushal Malla,1,1,Away
9/16/24,Canada,1,20,2,Kushal Malla,1,1,Away
9/16/24,Canada,1,20,3,Kushal Malla,.,0,Away
9/16/24,Canada,1,20,4,Kushal Malla,1,1,Away
9/16/24,Canada,1,20,5,Kushal Malla,.,0,Away
9/16/24,Canada,1,20,6,Kushal Malla,1,1,Away
9/16/24,Canada,1,21,1,Lalit Rajbanshi,.,0,Away
9/16/24,Canada,1,21,2,Lalit Rajbanshi,.,0,Away
9/16/24,Canada,1,21,3,Lalit Rajbanshi,.,0,Away
9/16/24,Canada,1,21,4,Lalit Rajbanshi,1,1,Away
9/16/24,Canada,1,21,5,Lalit Rajbanshi,.,0,Away
9/16/24,Canada,1,21,6,Lalit Rajbanshi,.,0,Away
9/16/24,Canada,1,22,1,Kushal Malla,.,0,Away
9/16/24,Canada,1,22,2,Kushal Malla,.,0,Away
9/16/24,Canada,1,22,3,Kushal Malla,.,0,Away
9/16/24,Canada,1,22,4,Kushal Malla,4,4,Away
9/16/24,Canada,1,22,5,Kushal Malla,1,1,Away
9/16/24,Canada,1,22,6,Kushal Malla,.,0,Away
9/16/24,Canada,1,23,1,Lalit Rajbanshi,1,1,Away
9/16/24,Canada,1,23,2,Lalit Rajbanshi,.,0,Away
9/16/24,Canada,1,23,3,Lalit Rajbanshi,1,1,Away
9/16/24,Canada,1,23,4,Lalit Rajbanshi,4,4,Away
9/16/24,Canada,1,23,5,Lalit Rajbanshi,1,1,Away
9/16/24,Canada,1,23,6,Lalit Rajbanshi,.,0,Away
9/16/24,Canada,1,24,1,Sompal Kami,.,0,Away
9/16/24,Canada,1,24,2,Sompal Kami,1lb,1,Away
9/16/24,Canada,1,24,3,Sompal Kami,.,0,Away
9/16/24,Canada,1,24,4,Sompal Kami,1,1,Away
9/16/24,Canada,1,24,5,Sompal Kami,.,0,Away
9/16/24,Canada,1,24,6,Sompal Kami,.,0,Away
9/16/24,Canada,1,25,1,Lalit Rajbanshi,.,0,Away
9/16/24,Canada,1,25,2,Lalit Rajbanshi,.,0,Away
9/16/24,Canada,1,25,3,Lalit Rajbanshi,.,0,Away
9/16/24,Canada,1,25,4,Lalit Rajbanshi,1w,1,Away
9/16/24,Canada,1,25,4,Lalit Rajbanshi,.,0,Away
9/16/24,Canada,1,25,5,Lalit Rajbanshi,1,1,Away
9/16/24,Canada,1,25,6,Lalit Rajbanshi,.,0,Away
9/16/24,Canada,1,26,1,Sompal Kami,.,0,Away
9/16/24,Canada,1,26,2,Sompal Kami,.,0,Away
9/16/24,Canada,1,26,3,Sompal Kami,1,1,Away
9/16/24,Canada,1,26,4,Sompal Kami,1,1,Away
9/16/24,Canada,1,26,5,Sompal Kami,1,1,Away
9/16/24,Canada,1,26,6,Sompal Kami,.,0,Away
9/16/24,Canada,1,27,1,Lalit Rajbanshi,1w,1,Away
9/16/24,Canada,1,27,1,Lalit Rajbanshi,.,0,Away
9/16/24,Canada,1,27,2,Lalit Rajbanshi,.,0,Away
9/16/24,Canada,1,27,3,Lalit Rajbanshi,.,0,Away
9/16/24,Canada,1,27,4,Lalit Rajbanshi,1,1,Away
9/16/24,Canada,1,27,5,Lalit Rajbanshi,.,0,Away
9/16/24,Canada,1,27,6,Lalit Rajbanshi,.,0,Away
9/16/24,Canada,1,28,1,Sompal Kami,1,1,Away
9/16/24,Canada,1,28,2,Sompal Kami,2,2,Away
9/16/24,Canada,1,28,3,Sompal Kami,.,0,Away
9/16/24,Canada,1,28,4,Sompal Kami,5,5,Away
9/16/24,Canada,1,28,5,Sompal Kami,.,0,Away
9/16/24,Canada,1,28,6,Sompal Kami,1,1,Away
9/16/24,Canada,1,29,1,Sandeep Lamichhane,.,0,Away
9/16/24,Canada,1,29,2,Sandeep Lamichhane,.,0,Away
9/16/24,Canada,1,29,3,Sandeep Lamichhane,.,0,Away
9/16/24,Canada,1,29,4,Sandeep Lamichhane,1,1,Away
9/16/24,Canada,1,29,5,Sandeep Lamichhane,1,1,Away
9/16/24,Canada,1,29,6,Sandeep Lamichhane,1,1,Away
9/16/24,Canada,1,30,1,Rohit Paudel,.,0,Away
9/16/24,Canada,1,30,2,Rohit Paudel,1,1,Away
9/16/24,Canada,1,30,3,Rohit Paudel,1,1,Away
9/16/24,Canada,1,30,4,Rohit Paudel,1,1,Away
9/16/24,Canada,1,30,5,Rohit Paudel,.,0,Away
9/16/24,Canada,1,30,6,Rohit Paudel,1,1,Away
9/16/24,Canada,1,31,1,Sandeep Lamichhane,.,0,Away
9/16/24,Canada,1,31,2,Sandeep Lamichhane,1,1,Away
9/16/24,Canada,1,31,3,Sandeep Lamichhane,.,0,Away
9/16/24,Canada,1,31,4,Sandeep Lamichhane,.,0,Away
9/16/24,Canada,1,31,5,Sandeep Lamichhane,4,4,Away
9/16/24,Canada,1,31,6,Sandeep Lamichhane,.,0,Away
9/16/24,Canada,1,32,1,Lalit Rajbanshi,1,1,Away
9/16/24,Canada,1,32,2,Lalit Rajbanshi,.,0,Away
9/16/24,Canada,1,32,3,Lalit Rajbanshi,.,0,Away
9/16/24,Canada,1,32,4,Lalit Rajbanshi,.,0,Away
9/16/24,Canada,1,32,5,Lalit Rajbanshi,.,0,Away
9/16/24,Canada,1,32,6,Lalit Rajbanshi,.,0,Away
9/16/24,Canada,1,33,1,Gulsan Jha,W,0,Away
9/16/24,Canada,1,33,2,Gulsan Jha,.,0,Away
9/16/24,Canada,1,33,3,Gulsan Jha,.,0,Away
9/16/24,Canada,1,33,4,Gulsan Jha,1,1,Away
9/16/24,Canada,1,33,5,Gulsan Jha,1w,1,Away
9/16/24,Canada,1,33,5,Gulsan Jha,1,1,Away
9/16/24,Canada,1,33,6,Gulsan Jha,1,1,Away
9/16/24,Canada,1,34,1,Rohit Paudel,.,0,Away
9/16/24,Canada,1,34,2,Rohit Paudel,4,4,Away
9/16/24,Canada,1,34,3,Rohit Paudel,1,1,Away
9/16/24,Canada,1,34,4,Rohit Paudel,1,1,Away
9/16/24,Canada,1,34,5,Rohit Paudel,1,1,Away
9/16/24,Canada,1,34,6,Rohit Paudel,.,0,Away
9/16/24,Canada,1,35,1,Gulsan Jha,.,0,Away
9/16/24,Canada,1,35,2,Gulsan Jha,1,1,Away
9/16/24,Canada,1,35,3,Gulsan Jha,.,0,Away
9/16/24,Canada,1,35,4,Gulsan Jha,1,1,Away
9/16/24,Canada,1,35,5,Gulsan Jha,1,1,Away
9/16/24,Canada,1,35,6,Gulsan Jha,1,1,Away
9/16/24,Canada,1,36,1,Dipendra Singh Airee,.,0,Away
9/16/24,Canada,1,36,2,Dipendra Singh Airee,1,1,Away
9/16/24,Canada,1,36,3,Dipendra Singh Airee,1W,1,Away
9/16/24,Canada,1,36,4,Dipendra Singh Airee,1,1,Away
9/16/24,Canada,1,36,5,Dipendra Singh Airee,1,1,Away
9/16/24,Canada,1,36,6,Dipendra Singh Airee,.,0,Away
9/16/24,Canada,1,37,1,Rohit Paudel,1,1,Away
9/16/24,Canada,1,37,2,Rohit Paudel,.,0,Away
9/16/24,Canada,1,37,3,Rohit Paudel,1,1,Away
9/16/24,Canada,1,37,4,Rohit Paudel,1,1,Away
9/16/24,Canada,1,37,5,Rohit Paudel,2,2,Away
9/16/24,Canada,1,37,6,Rohit Paudel,W,0,Away
9/16/24,Canada,1,38,1,Dipendra Singh Airee,1,1,Away
9/16/24,Canada,1,38,2,Dipendra Singh Airee,.,0,Away
9/16/24,Canada,1,38,3,Dipendra Singh Airee,.,0,Away
9/16/24,Canada,1,38,4,Dipendra Singh Airee,.,0,Away
9/16/24,Canada,1,38,5,Dipendra Singh Airee,.,0,Away
9/16/24,Canada,1,38,6,Dipendra Singh Airee,2,2,Away
9/16/24,Canada,1,39,1,Rohit Paudel,1,1,Away
9/16/24,Canada,1,39,2,Rohit Paudel,1,1,Away
9/16/24,Canada,1,39,3,Rohit Paudel,4,4,Away
9/16/24,Canada,1,39,4,Rohit Paudel,1,1,Away
9/16/24,Canada,1,39,5,Rohit Paudel,1,1,Away
9/16/24,Canada,1,39,6,Rohit Paudel,.,0,Away
9/16/24,Canada,1,40,1,Dipendra Singh Airee,.,0,Away
9/16/24,Canada,1,40,2,Dipendra Singh Airee,.,0,Away
9/16/24,Canada,1,40,3,Dipendra Singh Airee,4,4,Away
9/16/24,Canada,1,40,4,Dipendra Singh Airee,1,1,Away
9/16/24,Canada,1,40,5,Dipendra Singh Airee,.,0,Away
9/16/24,Canada,1,40,6,Dipendra Singh Airee,.,0,Away
9/16/24,Canada,1,41,1,Sandeep Lamichhane,.,0,Away
9/16/24,Canada,1,41,2,Sandeep Lamichhane,4,4,Away
9/16/24,Canada,1,41,3,Sandeep Lamichhane,.,0,Away
9/16/24,Canada,1,41,4,Sandeep Lamichhane,6,6,Away
9/16/24,Canada,1,41,5,Sandeep Lamichhane,1,1,Away
9/16/24,Canada,1,41,6,Sandeep Lamichhane,.,0,Away
9/16/24,Canada,1,42,1,Lalit Rajbanshi,.,0,Away
9/16/24,Canada,1,42,2,Lalit Rajbanshi,.,0,Away
9/16/24,Canada,1,42,3,Lalit Rajbanshi,1,1,Away
9/16/24,Canada,1,42,4,Lalit Rajbanshi,1,1,Away
9/16/24,Canada,1,42,5,Lalit Rajbanshi,2,2,Away
9/16/24,Canada,1,42,6,Lalit Rajbanshi,.,0,Away
9/16/24,Canada,1,43,1,Sandeep Lamichhane,1,1,Away
9/16/24,Canada,1,43,2,Sandeep Lamichhane,.,0,Away
9/16/24,Canada,1,43,3,Sandeep Lamichhane,.,0,Away
9/16/24,Canada,1,43,4,Sandeep Lamichhane,.,0,Away
9/16/24,Canada,1,43,5,Sandeep Lamichhane,6,6,Away
9/16/24,Canada,1,43,6,Sandeep Lamichhane,1,1,Away
9/16/24,Canada,1,44,1,Lalit Rajbanshi,W,0,Away
9/16/24,Canada,1,44,2,Lalit Rajbanshi,2,2,Away
9/16/24,Canada,1,44,3,Lalit Rajbanshi,1,1,Away
9/16/24,Canada,1,44,4,Lalit Rajbanshi,.,0,Away
9/16/24,Canada,1,44,5,Lalit Rajbanshi,1,1,Away
9/16/24,Canada,1,44,6,Lalit Rajbanshi,3,3,Away
9/16/24,Canada,1,45,1,Dipendra Singh Airee,1lb,1,Away
9/16/24,Canada,1,45,2,Dipendra Singh Airee,1,1,Away
9/16/24,Canada,1,45,3,Dipendra Singh Airee,1,1,Away
9/16/24,Canada,1,45,4,Dipendra Singh Airee,1,1,Away
9/16/24,Canada,1,45,5,Dipendra Singh Airee,1,1,Away
9/16/24,Canada,1,45,6,Dipendra Singh Airee,.,0,Away
9/16/24,Canada,1,46,1,Rohit Paudel,4,4,Away
9/16/24,Canada,1,46,2,Rohit Paudel,.,0,Away
9/16/24,Canada,1,46,3,Rohit Paudel,1,1,Away
9/16/24,Canada,1,46,4,Rohit Paudel,6,6,Away
9/16/24,Canada,1,46,5,Rohit Paudel,2,2,Away
9/16/24,Canada,1,46,6,Rohit Paudel,6,6,Away
9/16/24,Canada,1,47,1,Dipendra Singh Airee,2,2,Away
9/16/24,Canada,1,47,2,Dipendra Singh Airee,1,1,Away
9/16/24,Canada,1,47,3,Dipendra Singh Airee,6,6,Away
9/16/24,Canada,1,47,4,Dipendra Singh Airee,1,1,Away
9/16/24,Canada,1,47,5,Dipendra Singh Airee,1,1,Away
9/16/24,Canada,1,47,6,Dipendra Singh Airee,6,6,Away
9/16/24,Canada,1,48,1,Sompal Kami,W,0,Away
9/16/24,Canada,1,48,2,Sompal Kami,.,0,Away
9/16/24,Canada,1,48,3,Sompal Kami,2,2,Away
9/16/24,Canada,1,48,4,Sompal Kami,1,1,Away
9/16/24,Canada,1,48,5,Sompal Kami,4,4,Away
9/16/24,Canada,1,48,6,Sompal Kami,6,6,Away
9/16/24,Canada,1,49,1,Karan KC,6,6,Away
9/16/24,Canada,1,49,2,Karan KC,1lb,1,Away
9/16/24,Canada,1,49,3,Karan KC,1,1,Away
9/16/24,Canada,1,49,4,Karan KC,1,1,Away
9/16/24,Canada,1,49,5,Karan KC,.,0,Away
9/16/24,Canada,1,49,6,Karan KC,6,6,Away
9/16/24,Canada,1,50,1,Sompal Kami,1b,1,Away
9/16/24,Canada,1,50,2,Sompal Kami,2,2,Away
9/16/24,Canada,1,50,3,Sompal Kami,.,0,Away
9/16/24,Canada,1,50,4,Sompal Kami,1,1,Away
9/16/24,Canada,1,50,5,Sompal Kami,W,0,Away
9/16/24,Canada,1,50,6,Sompal Kami,1b,1,Away
9/18/24,Oman,2,1,1,Karan KC,1,1,Away
9/18/24,Oman,2,1,2,Karan KC,.,0,Away
9/18/24,Oman,2,1,3,Karan KC,.,0,Away
9/18/24,Oman,2,1,4,Karan KC,1,1,Away
9/18/24,Oman,2,1,5,Karan KC,1,1,Away
9/18/24,Oman,2,1,6,Karan KC,.,0,Away
9/18/24,Oman,2,2,1,Sompal Kami,1,1,Away
9/18/24,Oman,2,2,2,Sompal Kami,.,0,Away
9/18/24,Oman,2,2,3,Sompal Kami,3,3,Away
9/18/24,Oman,2,2,4,Sompal Kami,.,0,Away
9/18/24,Oman,2,2,5,Sompal Kami,.,0,Away
9/18/24,Oman,2,2,6,Sompal Kami,.,0,Away
9/18/24,Oman,2,3,1,Karan KC,.,0,Away
9/18/24,Oman,2,3,2,Karan KC,.,0,Away
9/18/24,Oman,2,3,3,Karan KC,.,0,Away
9/18/24,Oman,2,3,4,Karan KC,1,1,Away
9/18/24,Oman,2,3,5,Karan KC,1,1,Away
9/18/24,Oman,2,3,6,Karan KC,2,2,Away
9/18/24,Oman,2,4,1,Sompal Kami,.,0,Away
9/18/24,Oman,2,4,2,Sompal Kami,.,0,Away
9/18/24,Oman,2,4,3,Sompal Kami,4,4,Away
9/18/24,Oman,2,4,4,Sompal Kami,.,0,Away
9/18/24,Oman,2,4,5,Sompal Kami,.,0,Away
9/18/24,Oman,2,4,6,Sompal Kami,.,0,Away
9/18/24,Oman,2,5,1,Karan KC,.,0,Away
9/18/24,Oman,2,5,2,Karan KC,1,1,Away
9/18/24,Oman,2,5,3,Karan KC,.,0,Away
9/18/24,Oman,2,5,4,Karan KC,.,0,Away
9/18/24,Oman,2,5,5,Karan KC,.,0,Away
9/18/24,Oman,2,5,6,Karan KC,.,0,Away
9/18/24,Oman,2,6,1,Sompal Kami,.,0,Away
9/18/24,Oman,2,6,2,Sompal Kami,2,2,Away
9/18/24,Oman,2,6,3,Sompal Kami,2,2,Away
9/18/24,Oman,2,6,4,Sompal Kami,.,0,Away
9/18/24,Oman,2,6,5,Sompal Kami,6,6,Away
9/18/24,Oman,2,6,6,Sompal Kami,.,0,Away
9/18/24,Oman,2,7,1,Karan KC,.,0,Away
9/18/24,Oman,2,7,2,Karan KC,.,0,Away
9/18/24,Oman,2,7,3,Karan KC,2,2,Away
9/18/24,Oman,2,7,4,Karan KC,.,0,Away
9/18/24,Oman,2,7,5,Karan KC,.,0,Away
9/18/24,Oman,2,7,6,Karan KC,4,4,Away
9/18/24,Oman,2,8,1,Sompal Kami,1,1,Away
9/18/24,Oman,2,8,2,Sompal Kami,.,0,Away
9/18/24,Oman,2,8,3,Sompal Kami,4,4,Away
9/18/24,Oman,2,8,4,Sompal Kami,.,0,Away
9/18/24,Oman,2,8,5,Sompal Kami,.,0,Away
9/18/24,Oman,2,8,6,Sompal Kami,2,2,Away
9/18/24,Oman,2,9,1,Lalit Rajbanshi,1,1,Away
9/18/24,Oman,2,9,2,Lalit Rajbanshi,.,0,Away
9/18/24,Oman,2,9,3,Lalit Rajbanshi,.,0,Away
9/18/24,Oman,2,9,4,Lalit Rajbanshi,.,0,Away
9/18/24,Oman,2,9,5,Lalit Rajbanshi,.,0,Away
9/18/24,Oman,2,9,6,Lalit Rajbanshi,.,0,Away
9/18/24,Oman,2,10,1,Gulsan Jha,.,0,Away
9/18/24,Oman,2,10,2,Gulsan Jha,4,4,Away
9/18/24,Oman,2,10,3,Gulsan Jha,4,4,Away
9/18/24,Oman,2,10,4,Gulsan Jha,.,0,Away
9/18/24,Oman,2,10,5,Gulsan Jha,2,2,Away
9/18/24,Oman,2,10,6,Gulsan Jha,.,0,Away
9/18/24,Oman,2,11,1,Lalit Rajbanshi,1,1,Away
9/18/24,Oman,2,11,2,Lalit Rajbanshi,1,1,Away
9/18/24,Oman,2,11,3,Lalit Rajbanshi,1,1,Away
9/18/24,Oman,2,11,4,Lalit Rajbanshi,.,0,Away
9/18/24,Oman,2,11,5,Lalit Rajbanshi,.,0,Away
9/18/24,Oman,2,11,6,Lalit Rajbanshi,.,0,Away
9/18/24,Oman,2,12,1,Gulsan Jha,1,1,Away
9/18/24,Oman,2,12,2,Gulsan Jha,1,1,Away
9/18/24,Oman,2,12,3,Gulsan Jha,.,0,Away
9/18/24,Oman,2,12,4,Gulsan Jha,1,1,Away
9/18/24,Oman,2,12,5,Gulsan Jha,.,0,Away
9/18/24,Oman,2,12,6,Gulsan Jha,4,4,Away
9/18/24,Oman,2,13,1,Sandeep Lamichhane,2,2,Away
9/18/24,Oman,2,13,2,Sandeep Lamichhane,4,4,Away
9/18/24,Oman,2,13,3,Sandeep Lamichhane,1,1,Away
9/18/24,Oman,2,13,4,Sandeep Lamichhane,.,0,Away
9/18/24,Oman,2,13,5,Sandeep Lamichhane,.,0,Away
9/18/24,Oman,2,13,6,Sandeep Lamichhane,.,0,Away
9/18/24,Oman,2,14,1,Aarif Sheikh,1,1,Away
9/18/24,Oman,2,14,2,Aarif Sheikh,2,2,Away
9/18/24,Oman,2,14,3,Aarif Sheikh,.,0,Away
9/18/24,Oman,2,14,4,Aarif Sheikh,.,0,Away
9/18/24,Oman,2,14,5,Aarif Sheikh,1,1,Away
9/18/24,Oman,2,14,6,Aarif Sheikh,.,0,Away
9/18/24,Oman,2,15,1,Sandeep Lamichhane,.,0,Away
9/18/24,Oman,2,15,2,Sandeep Lamichhane,1,1,Away
9/18/24,Oman,2,15,3,Sandeep Lamichhane,.,0,Away
9/18/24,Oman,2,15,4,Sandeep Lamichhane,1,1,Away
9/18/24,Oman,2,15,5,Sandeep Lamichhane,.,0,Away
9/18/24,Oman,2,15,6,Sandeep Lamichhane,.,0,Away
9/18/24,Oman,2,16,1,Aarif Sheikh,1,1,Away
9/18/24,Oman,2,16,2,Aarif Sheikh,.,0,Away
9/18/24,Oman,2,16,3,Aarif Sheikh,.,0,Away
9/18/24,Oman,2,16,4,Aarif Sheikh,1,1,Away
9/18/24,Oman,2,16,5,Aarif Sheikh,.,0,Away
9/18/24,Oman,2,16,6,Aarif Sheikh,.,0,Away
9/18/24,Oman,2,17,1,Sandeep Lamichhane,W,0,Away
9/18/24,Oman,2,17,2,Sandeep Lamichhane,.,0,Away
9/18/24,Oman,2,17,3,Sandeep Lamichhane,4,4,Away
9/18/24,Oman,2,17,4,Sandeep Lamichhane,.,0,Away
9/18/24,Oman,2,17,5,Sandeep Lamichhane,.,0,Away
9/18/24,Oman,2,17,6,Sandeep Lamichhane,1,1,Away
9/18/24,Oman,2,18,1,Aarif Sheikh,.,0,Away
9/18/24,Oman,2,18,2,Aarif Sheikh,1,1,Away
9/18/24,Oman,2,18,3,Aarif Sheikh,1,1,Away
9/18/24,Oman,2,18,4,Aarif Sheikh,.,0,Away
9/18/24,Oman,2,18,5,Aarif Sheikh,.,0,Away
9/18/24,Oman,2,18,6,Aarif Sheikh,1,1,Away
9/18/24,Oman,2,19,1,Sandeep Lamichhane,1,1,Away
9/18/24,Oman,2,19,2,Sandeep Lamichhane,1,1,Away
9/18/24,Oman,2,19,3,Sandeep Lamichhane,4,4,Away
9/18/24,Oman,2,19,4,Sandeep Lamichhane,4,4,Away
9/18/24,Oman,2,19,5,Sandeep Lamichhane,1,1,Away
9/18/24,Oman,2,19,6,Sandeep Lamichhane,.,0,Away
9/18/24,Oman,2,20,1,Aarif Sheikh,1,1,Away
9/18/24,Oman,2,20,2,Aarif Sheikh,W,0,Away
9/18/24,Oman,2,20,3,Aarif Sheikh,.,0,Away
9/18/24,Oman,2,20,4,Aarif Sheikh,.,0,Away
9/18/24,Oman,2,20,5,Aarif Sheikh,.,0,Away
9/18/24,Oman,2,20,6,Aarif Sheikh,.,0,Away
9/18/24,Oman,2,21,1,Sandeep Lamichhane,.,0,Away
9/18/24,Oman,2,21,2,Sandeep Lamichhane,1,1,Away
9/18/24,Oman,2,21,3,Sandeep Lamichhane,.,0,Away
9/18/24,Oman,2,21,4,Sandeep Lamichhane,.,0,Away
9/18/24,Oman,2,21,5,Sandeep Lamichhane,.,0,Away
9/18/24,Oman,2,21,6,Sandeep Lamichhane,.,0,Away
9/18/24,Oman,2,22,1,Aarif Sheikh,.,0,Away
9/18/24,Oman,2,22,2,Aarif Sheikh,.,0,Away
9/18/24,Oman,2,22,3,Aarif Sheikh,.,0,Away
9/18/24,Oman,2,22,4,Aarif Sheikh,1,1,Away
9/18/24,Oman,2,22,5,Aarif Sheikh,1,1,Away
9/18/24,Oman,2,22,6,Aarif Sheikh,1,1,Away
9/18/24,Oman,2,23,1,Sandeep Lamichhane,.,0,Away
9/18/24,Oman,2,23,2,Sandeep Lamichhane,4,4,Away
9/18/24,Oman,2,23,3,Sandeep Lamichhane,.,0,Away
9/18/24,Oman,2,23,4,Sandeep Lamichhane,.,0,Away
9/18/24,Oman,2,23,5,Sandeep Lamichhane,4,4,Away
9/18/24,Oman,2,23,6,Sandeep Lamichhane,.,0,Away
9/18/24,Oman,2,24,1,Aarif Sheikh,4,4,Away
9/18/24,Oman,2,24,2,Aarif Sheikh,.,0,Away
9/18/24,Oman,2,24,3,Aarif Sheikh,1,1,Away
9/18/24,Oman,2,24,4,Aarif Sheikh,.,0,Away
9/18/24,Oman,2,24,5,Aarif Sheikh,.,0,Away
9/18/24,Oman,2,24,6,Aarif Sheikh,.,0,Away
9/18/24,Oman,2,25,1,Gulsan Jha,1,1,Away
9/18/24,Oman,2,25,2,Gulsan Jha,.,0,Away
9/18/24,Oman,2,25,3,Gulsan Jha,W,0,Away
9/18/24,Oman,2,25,4,Gulsan Jha,.,0,Away
9/18/24,Oman,2,25,5,Gulsan Jha,.,0,Away
9/18/24,Oman,2,25,6,Gulsan Jha,.,0,Away
9/18/24,Oman,2,26,1,Karan KC,.,0,Away
9/18/24,Oman,2,26,2,Karan KC,.,0,Away
9/18/24,Oman,2,26,3,Karan KC,1,1,Away
9/18/24,Oman,2,26,4,Karan KC,.,0,Away
9/18/24,Oman,2,26,5,Karan KC,.,0,Away
9/18/24,Oman,2,26,6,Karan KC,.,0,Away
9/18/24,Oman,2,27,1,Gulsan Jha,.,0,Away
9/18/24,Oman,2,27,2,Gulsan Jha,4,4,Away
9/18/24,Oman,2,27,3,Gulsan Jha,.,0,Away
9/18/24,Oman,2,27,4,Gulsan Jha,.,0,Away
9/18/24,Oman,2,27,5,Gulsan Jha,.,0,Away
9/18/24,Oman,2,27,6,Gulsan Jha,1,1,Away
9/18/24,Oman,2,28,1,Karan KC,.,0,Away
9/18/24,Oman,2,28,2,Karan KC,1,1,Away
9/18/24,Oman,2,28,3,Karan KC,.,0,Away
9/18/24,Oman,2,28,4,Karan KC,4,4,Away
9/18/24,Oman,2,28,5,Karan KC,.,0,Away
9/18/24,Oman,2,28,6,Karan KC,1,1,Away
9/18/24,Oman,2,29,1,Gulsan Jha,4,4,Away
9/18/24,Oman,2,29,2,Gulsan Jha,.,0,Away
9/18/24,Oman,2,29,3,Gulsan Jha,W,0,Away
9/18/24,Oman,2,29,4,Gulsan Jha,1,1,Away
9/18/24,Oman,2,29,5,Gulsan Jha,1w,1,Away
9/18/24,Oman,2,29,5,Gulsan Jha,1w,1,Away
9/18/24,Oman,2,29,5,Gulsan Jha,1,1,Away
9/18/24,Oman,2,29,6,Gulsan Jha,.,0,Away
9/18/24,Oman,2,30,1,Lalit Rajbanshi,.,0,Away
9/18/24,Oman,2,30,2,Lalit Rajbanshi,.,0,Away
9/18/24,Oman,2,30,3,Lalit Rajbanshi,.,0,Away
9/18/24,Oman,2,30,4,Lalit Rajbanshi,1,1,Away
9/18/24,Oman,2,30,5,Lalit Rajbanshi,.,0,Away
9/18/24,Oman,2,30,6,Lalit Rajbanshi,.,0,Away
9/18/24,Oman,2,31,1,Sompal Kami,1,1,Away
9/18/24,Oman,2,31,2,Sompal Kami,.,0,Away
9/18/24,Oman,2,31,3,Sompal Kami,1,1,Away
9/18/24,Oman,2,31,4,Sompal Kami,.,0,Away
9/18/24,Oman,2,31,5,Sompal Kami,1,1,Away
9/18/24,Oman,2,31,6,Sompal Kami,.,0,Away
9/18/24,Oman,2,32,1,Lalit Rajbanshi,1,1,Away
9/18/24,Oman,2,32,2,Lalit Rajbanshi,4,4,Away
9/18/24,Oman,2,32,3,Lalit Rajbanshi,.,0,Away
9/18/24,Oman,2,32,4,Lalit Rajbanshi,.,0,Away
9/18/24,Oman,2,32,5,Lalit Rajbanshi,1,1,Away
9/18/24,Oman,2,32,6,Lalit Rajbanshi,4,4,Away
9/18/24,Oman,2,33,1,Sompal Kami,4,4,Away
9/18/24,Oman,2,33,2,Sompal Kami,1,1,Away
9/18/24,Oman,2,33,3,Sompal Kami,3,3,Away
9/18/24,Oman,2,33,4,Sompal Kami,.,0,Away
9/18/24,Oman,2,33,5,Sompal Kami,.,0,Away
9/18/24,Oman,2,33,6,Sompal Kami,4,4,Away
9/18/24,Oman,2,34,1,Karan KC,W,0,Away
9/18/24,Oman,2,34,2,Karan KC,.,0,Away
9/18/24,Oman,2,34,3,Karan KC,.,0,Away
9/18/24,Oman,2,34,4,Karan KC,.,0,Away
9/18/24,Oman,2,34,5,Karan KC,1,1,Away
9/18/24,Oman,2,34,6,Karan KC,.,0,Away
9/18/24,Oman,2,35,1,Sandeep Lamichhane,2,2,Away
9/18/24,Oman,2,35,2,Sandeep Lamichhane,.,0,Away
9/18/24,Oman,2,35,3,Sandeep Lamichhane,.,0,Away
9/18/24,Oman,2,35,4,Sandeep Lamichhane,1,1,Away
9/18/24,Oman,2,35,5,Sandeep Lamichhane,.,0,Away
9/18/24,Oman,2,35,6,Sandeep Lamichhane,1,1,Away
9/18/24,Oman,2,36,1,Karan KC,W,0,Away
9/18/24,Oman,2,36,2,Karan KC,1,1,Away
9/18/24,Oman,2,36,3,Karan KC,.,0,Away
9/18/24,Oman,2,36,4,Karan KC,1,1,Away
9/18/24,Oman,2,36,5,Karan KC,.,0,Away
9/18/24,Oman,2,36,6,Karan KC,.,0,Away
9/18/24,Oman,2,37,1,Sandeep Lamichhane,1,1,Away
9/18/24,Oman,2,37,2,Sandeep Lamichhane,.,0,Away
9/18/24,Oman,2,37,3,Sandeep Lamichhane,.,0,Away
9/18/24,Oman,2,37,4,Sandeep Lamichhane,.,0,Away
9/18/24,Oman,2,37,5,Sandeep Lamichhane,.,0,Away
9/18/24,Oman,2,37,6,Sandeep Lamichhane,.,0,Away
9/18/24,Oman,2,38,1,Sompal Kami,.,0,Away
9/18/24,Oman,2,38,2,Sompal Kami,2,2,Away
9/18/24,Oman,2,38,3,Sompal Kami,4,4,Away
9/18/24,Oman,2,38,4,Sompal Kami,.,0,Away
9/18/24,Oman,2,38,5,Sompal Kami,.,0,Away
9/18/24,Oman,2,38,6,Sompal Kami,4,4,Away
9/18/24,Oman,2,39,1,Sandeep Lamichhane,.,0,Away
9/18/24,Oman,2,39,2,Sandeep Lamichhane,.,0,Away
9/18/24,Oman,2,39,3,Sandeep Lamichhane,.,0,Away
9/18/24,Oman,2,39,4,Sandeep Lamichhane,.,0,Away
9/18/24,Oman,2,39,5,Sandeep Lamichhane,.,0,Away
9/18/24,Oman,2,39,6,Sandeep Lamichhane,1,1,Away
9/18/24,Oman,2,40,1,Gulshan Jha,.,0,Away
9/18/24,Oman,2,40,2,Gulshan Jha,1,1,Away
9/18/24,Oman,2,40,3,Gulshan Jha,.,0,Away
9/18/24,Oman,2,40,4,Gulshan Jha,4,4,Away
9/18/24,Oman,2,40,5,Gulshan Jha,1,1,Away
9/18/24,Oman,2,40,6,Gulshan Jha,.,0,Away
9/18/24,Oman,2,41,1,Lalit Rajbanshi,.,0,Away
9/18/24,Oman,2,41,2,Lalit Rajbanshi,.,0,Away
9/18/24,Oman,2,41,3,Lalit Rajbanshi,4,4,Away
9/18/24,Oman,2,41,4,Lalit Rajbanshi,1,1,Away
9/18/24,Oman,2,41,5,Lalit Rajbanshi,.,0,Away
9/18/24,Oman,2,41,6,Lalit Rajbanshi,.,0,Away
9/18/24,Oman,2,42,1,Gulsan Jha,.,0,Away
9/18/24,Oman,2,42,2,Gulsan Jha,.,0,Away
9/18/24,Oman,2,42,3,Gulsan Jha,W,0,Away
9/18/24,Oman,2,42,4,Gulsan Jha,.,0,Away
9/18/24,Oman,2,42,5,Gulsan Jha,.,0,Away
9/18/24,Oman,2,42,6,Gulsan Jha,.,0,Away
9/18/24,Oman,2,43,1,Lalit Rajbanshi,.,0,Away
9/18/24,Oman,2,43,2,Lalit Rajbanshi,2,2,Away
9/18/24,Oman,2,43,3,Lalit Rajbanshi,1,1,Away
9/18/24,Oman,2,43,4,Lalit Rajbanshi,.,0,Away
9/18/24,Oman,2,43,5,Lalit Rajbanshi,4,4,Away
9/18/24,Oman,2,43,6,Lalit Rajbanshi,.,0,Away
9/18/24,Oman,2,44,1,Gulsan Jha,.,0,Away
9/18/24,Oman,2,44,2,Gulsan Jha,2,2,Away
9/18/24,Oman,2,44,3,Gulsan Jha,W,0,Away
9/18/24,Oman,2,44,4,Gulsan Jha,.,0,Away
9/18/24,Oman,2,44,5,Gulsan Jha,1,1,Away
9/18/24,Oman,2,44,6,Gulsan Jha,.,0,Away
9/18/24,Oman,2,45,1,Sandeep Lamichhane,2,2,Away
9/18/24,Oman,2,45,2,Sandeep Lamichhane,.,0,Away
9/18/24,Oman,2,45,3,Sandeep Lamichhane,.,0,Away
9/18/24,Oman,2,45,4,Sandeep Lamichhane,1,1,Away
9/18/24,Oman,2,45,5,Sandeep Lamichhane,.,0,Away
9/18/24,Oman,2,45,6,Sandeep Lamichhane,1,1,Away
9/18/24,Oman,2,46,1,Gulsan Jha,.,0,Away
9/18/24,Oman,2,46,2,Gulsan Jha,4,4,Away
9/18/24,Oman,2,46,3,Gulsan Jha,2,2,Away
9/18/24,Oman,2,46,4,Gulsan Jha,1w,1,Away
9/18/24,Oman,2,46,4,Gulsan Jha,.,0,Away
9/18/24,Oman,2,46,5,Gulsan Jha,.,0,Away
9/18/24,Oman,2,46,6,Gulsan Jha,.,0,Away
9/18/24,Oman,2,47,1,Karan KC,.,0,Away
9/18/24,Oman,2,47,2,Karan KC,.,0,Away
9/18/24,Oman,2,47,3,Karan KC,.,0,Away
9/18/24,Oman,2,47,4,Karan KC,.,0,Away
9/18/24,Oman,2,47,5,Karan KC,1,1,Away
9/18/24,Oman,2,47,6,Karan KC,.,0,Away
9/18/24,Oman,2,48,1,Gulsan Jha,W,0,Away
9/18/24,Oman,2,48,2,Gulsan Jha,.,0,Away
9/18/24,Oman,2,48,3,Gulsan Jha,.,0,Away
9/18/24,Oman,2,48,4,Gulsan Jha,.,0,Away
9/18/24,Oman,2,48,5,Gulsan Jha,.,0,Away
9/18/24,Oman,2,48,6,Gulsan Jha,.,0,Away
9/18/24,Oman,2,49,1,Karan KC,.,0,Away
9/18/24,Oman,2,49,2,Karan KC,.,0,Away
9/18/24,Oman,2,49,3,Karan KC,.,0,Away
9/18/24,Oman,2,49,4,Karan KC,1,1,Away
9/18/24,Oman,2,49,5,Karan KC,1,1,Away
9/18/24,Oman,2,49,6,Karan KC,.,0,Away
9/18/24,Oman,2,50,1,Sompal Kami,1,1,Away
9/18/24,Oman,2,50,2,Sompal Kami,4,4,Away
9/18/24,Oman,2,50,3,Sompal Kami,.,0,Away
9/18/24,Oman,2,50,4,Sompal Kami,1,1,Away
9/18/24,Oman,2,50,5,Sompal Kami,4,4,Away
11/2/24,USA,1,1,1,Karan KC,.,0,Away
11/2/24,USA,1,1,2,Karan KC,.,0,Away
11/2/24,USA,1,1,3,Karan KC,.,0,Away
11/2/24,USA,1,1,4,Karan KC,.,0,Away
11/2/24,USA,1,1,5,Karan KC,.,0,Away
11/2/24,USA,1,1,6,Karan KC,1,1,Away
11/2/24,USA,1,2,1,Sompal Kami,.,0,Away
11/2/24,USA,1,2,2,Sompal Kami,.,0,Away
11/2/24,USA,1,2,3,Sompal Kami,.,0,Away
11/2/24,USA,1,2,4,Sompal Kami,.,0,Away
11/2/24,USA,1,2,5,Sompal Kami,.,0,Away
11/2/24,USA,1,2,6,Sompal Kami,1,1,Away
11/2/24,USA,1,3,1,Karan KC,.,0,Away
11/2/24,USA,1,3,2,Karan KC,1,1,Away
11/2/24,USA,1,3,3,Karan KC,1lb,1,Away
11/2/24,USA,1,3,4,Aarif Sheikh,.,0,Away
11/2/24,USA,1,3,5,Aarif Sheikh,.,0,Away
11/2/24,USA,1,3,6,Aarif Sheikh,1,1,Away
11/2/24,USA,1,4,1,Sompal Kami,.,0,Away
11/2/24,USA,1,4,2,Sompal Kami,1,1,Away
11/2/24,USA,1,4,3,Sompal Kami,.,0,Away
11/2/24,USA,1,4,4,Sompal Kami,.,0,Away
11/2/24,USA,1,4,5,Sompal Kami,4,4,Away
11/2/24,USA,1,4,6,Sompal Kami,1,1,Away
11/2/24,USA,1,5,1,Aarif Sheikh,5w,5,Away
11/2/24,USA,1,5,1,Aarif Sheikh,.,0,Away
11/2/24,USA,1,5,2,Aarif Sheikh,.,0,Away
11/2/24,USA,1,5,3,Aarif Sheikh,.,0,Away
11/2/24,USA,1,5,4,Aarif Sheikh,.,0,Away
11/2/24,USA,1,5,5,Aarif Sheikh,.,0,Away
11/2/24,USA,1,5,6,Aarif Sheikh,1,1,Away
11/2/24,USA,1,7,1,Gulsan Jha,W,0,Away
11/2/24,USA,1,7,2,Gulsan Jha,.,0,Away
11/2/24,USA,1,7,3,Gulsan Jha,.,0,Away
11/2/24,USA,1,7,4,Gulsan Jha,1,1,Away
11/2/24,USA,1,7,5,Gulsan Jha,.,0,Away
11/2/24,USA,1,7,6,Gulsan Jha,.,0,Away
11/2/24,USA,1,8,1,Sompal Kami,.,0,Away
11/2/24,USA,1,8,2,Sompal Kami,1,1,Away
11/2/24,USA,1,8,3,Sompal Kami,1,1,Away
11/2/24,USA,1,8,4,Sompal Kami,2,2,Away
11/2/24,USA,1,8,5,Sompal Kami,.,0,Away
11/2/24,USA,1,8,6,Sompal Kami,.,0,Away
11/2/24,USA,1,10,1,Sompal Kami,.,0,Away
11/2/24,USA,1,10,2,Sompal Kami,4,4,Away
11/2/24,USA,1,10,3,Sompal Kami,.,0,Away
11/2/24,USA,1,10,4,Sompal Kami,4,4,Away
11/2/24,USA,1,10,5,Sompal Kami,.,0,Away
11/2/24,USA,1,10,6,Sompal Kami,.,0,Away
11/2/24,USA,1,6,1,Sompal Kami,.,0,Away
11/2/24,USA,1,6,2,Sompal Kami,1,1,Away
11/2/24,USA,1,6,3,Sompal Kami,.,0,Away
11/2/24,USA,1,6,4,Sompal Kami,4,4,Away
11/2/24,USA,1,6,5,Sompal Kami,.,0,Away
11/2/24,USA,1,6,6,Sompal Kami,1,1,Away
11/2/24,USA,1,9,1,Gulsan Jha,.,0,Away
11/2/24,USA,1,9,2,Gulsan Jha,.,0,Away
11/2/24,USA,1,9,3,Gulsan Jha,1,1,Away
11/2/24,USA,1,9,4,Gulsan Jha,4,4,Away
11/2/24,USA,1,9,5,Gulsan Jha,4,4,Away
11/2/24,USA,1,9,6,Gulsan Jha,4,4,Away
11/2/24,USA,1,11,1,Gulsan Jha,4,4,Away
11/2/24,USA,1,11,2,Gulsan Jha,1,1,Away
11/2/24,USA,1,11,3,Gulsan Jha,.,0,Away
11/2/24,USA,1,11,4,Gulsan Jha,1,1,Away
11/2/24,USA,1,11,5,Gulsan Jha,1,1,Away
11/2/24,USA,1,11,6,Gulsan Jha,4,4,Away
11/2/24,USA,1,12,1,Sandeep Lamichhane,.,0,Away
11/2/24,USA,1,12,2,Sandeep Lamichhane,.,0,Away
11/2/24,USA,1,12,3,Sandeep Lamichhane,.,0,Away
11/2/24,USA,1,12,4,Sandeep Lamichhane,.,0,Away
11/2/24,USA,1,12,5,Sandeep Lamichhane,4,4,Away
11/2/24,USA,1,12,6,Sandeep Lamichhane,W,0,Away
11/2/24,USA,1,13,1,Kushal Malla,.,0,Away
11/2/24,USA,1,13,2,Kushal Malla,.,0,Away
11/2/24,USA,1,13,3,Kushal Malla,.,0,Away
11/2/24,USA,1,13,4,Kushal Malla,.,0,Away
11/2/24,USA,1,13,5,Kushal Malla,1,1,Away
11/2/24,USA,1,13,6,Kushal Malla,1,1,Away
11/2/24,USA,1,14,1,Sandeep Lamichhane,1,1,Away
11/2/24,USA,1,14,2,Sandeep Lamichhane,.,0,Away
11/2/24,USA,1,14,3,Sandeep Lamichhane,1,1,Away
11/2/24,USA,1,14,4,Sandeep Lamichhane,1,1,Away
11/2/24,USA,1,14,5,Sandeep Lamichhane,1,1,Away
11/2/24,USA,1,14,6,Sandeep Lamichhane,1,1,Away
11/2/24,USA,1,15,1,Kushal Malla,.,0,Away
11/2/24,USA,1,15,2,Kushal Malla,.,0,Away
11/2/24,USA,1,15,3,Kushal Malla,.,0,Away
11/2/24,USA,1,15,4,Kushal Malla,.,0,Away
11/2/24,USA,1,15,5,Kushal Malla,.,0,Away
11/2/24,USA,1,15,6,Kushal Malla,.,0,Away
11/2/24,USA,1,16,1,Sandeep Lamichhane,.,0,Away
11/2/24,USA,1,16,2,Sandeep Lamichhane,2,2,Away
11/2/24,USA,1,16,3,Sandeep Lamichhane,1,1,Away
11/2/24,USA,1,16,4,Sandeep Lamichhane,2,2,Away
11/2/24,USA,1,16,5,Sandeep Lamichhane,1,1,Away
11/2/24,USA,1,16,6,Sandeep Lamichhane,1,1,Away
11/2/24,USA,1,17,1,Kushal Malla,.,0,Away
11/2/24,USA,1,17,2,Kushal Malla,.,0,Away
11/2/24,USA,1,17,3,Kushal Malla,1,1,Away
11/2/24,USA,1,17,4,Kushal Malla,.,0,Away
11/2/24,USA,1,17,5,Kushal Malla,.,0,Away
11/2/24,USA,1,17,6,Kushal Malla,1,1,Away
11/2/24,USA,1,18,1,Sandeep Lamichhane,.,0,Away
11/2/24,USA,1,18,2,Sandeep Lamichhane,1,1,Away
11/2/24,USA,1,18,3,Sandeep Lamichhane,1,1,Away
11/2/24,USA,1,18,4,Sandeep Lamichhane,1,1,Away
11/2/24,USA,1,18,5,Sandeep Lamichhane,.,0,Away
11/2/24,USA,1,18,6,Sandeep Lamichhane,.,0,Away
11/2/24,USA,1,19,1,Kushal Malla,.,0,Away
11/2/24,USA,1,19,2,Kushal Malla,.,0,Away
11/2/24,USA,1,19,3,Kushal Malla,.,0,Away
11/2/24,USA,1,19,4,Kushal Malla,1,1,Away
11/2/24,USA,1,19,5,Kushal Malla,1,1,Away
11/2/24,USA,1,19,6,Kushal Malla,1,1,Away
11/2/24,USA,1,20,1,Kushal Bhurtel,.,0,Away
11/2/24,USA,1,20,2,Kushal Bhurtel,.,0,Away
11/2/24,USA,1,20,3,Kushal Bhurtel,.,0,Away
11/2/24,USA,1,20,4,Kushal Bhurtel,1,1,Away
11/2/24,USA,1,20,5,Kushal Bhurtel,1w,1,Away
11/2/24,USA,1,20,5,Kushal Bhurtel,.,0,Away
11/2/24,USA,1,20,6,Kushal Bhurtel,1,1,Away
11/2/24,USA,1,21,1,Kushal Malla,1,1,Away
11/2/24,USA,1,21,2,Kushal Malla,.,0,Away
11/2/24,USA,1,21,3,Kushal Malla,.,0,Away
11/2/24,USA,1,21,4,Kushal Malla,.,0,Away
11/2/24,USA,1,21,5,Kushal Malla,2,2,Away
11/2/24,USA,1,21,6,Kushal Malla,1,1,Away
11/2/24,USA,1,22,1,Kushal Bhurtel,.,0,Away
11/2/24,USA,1,22,2,Kushal Bhurtel,1,1,Away
11/2/24,USA,1,22,3,Kushal Bhurtel,1,1,Away
11/2/24,USA,1,22,4,Kushal Bhurtel,.,0,Away
11/2/24,USA,1,22,5,Kushal Bhurtel,1,1,Away
11/2/24,USA,1,22,6,Kushal Bhurtel,1,1,Away
11/2/24,USA,1,23,1,Kushal Malla,.,0,Away
11/2/24,USA,1,23,2,Kushal Malla,.,0,Away
11/2/24,USA,1,23,3,Kushal Malla,1,1,Away
11/2/24,USA,1,23,4,Kushal Malla,1,1,Away
11/2/24,USA,1,23,5,Kushal Malla,1,1,Away
11/2/24,USA,1,23,6,Kushal Malla,.,0,Away
11/2/24,USA,1,24,1,Kushal Bhurtel,4,4,Away
11/2/24,USA,1,24,2,Kushal Bhurtel,.,0,Away
11/2/24,USA,1,24,3,Kushal Bhurtel,6,6,Away
11/2/24,USA,1,24,4,Kushal Bhurtel,1,1,Away
11/2/24,USA,1,24,5,Kushal Bhurtel,1,1,Away
11/2/24,USA,1,24,6,Kushal Bhurtel,1,1,Away
11/2/24,USA,1,25,1,Gulsan Jha,.,0,Away
11/2/24,USA,1,25,2,Gulsan Jha,1,1,Away
11/2/24,USA,1,25,3,Gulsan Jha,4,4,Away
11/2/24,USA,1,25,4,Gulsan Jha,1,1,Away
11/2/24,USA,1,25,5,Gulsan Jha,.,0,Away
11/2/24,USA,1,25,6,Gulsan Jha,1,1,Away
11/2/24,USA,1,26,1,Kushal Bhurtel,.,0,Away
11/2/24,USA,1,26,2,Kushal Bhurtel,2,2,Away
11/2/24,USA,1,26,3,Kushal Bhurtel,.,0,Away
11/2/24,USA,1,26,4,Kushal Bhurtel,1,1,Away
11/2/24,USA,1,26,5,Kushal Bhurtel,.,0,Away
11/2/24,USA,1,26,6,Kushal Bhurtel,6,6,Away
11/2/24,USA,1,27,1,Gulsan Jha,1w,1,Away
11/2/24,USA,1,27,1,Gulsan Jha,1,1,Away
11/2/24,USA,1,27,2,Gulsan Jha,1,1,Away
11/2/24,USA,1,27,3,Gulsan Jha,1,1,Away
11/2/24,USA,1,27,4,Gulsan Jha,1,1,Away
11/2/24,USA,1,27,5,Gulsan Jha,2,2,Away
11/2/24,USA,1,27,6,Gulsan Jha,2,2,Away
11/2/24,USA,1,28,1,Aarif Sheikh,.,0,Away
11/2/24,USA,1,28,2,Aarif Sheikh,1,1,Away
11/2/24,USA,1,28,3,Aarif Sheikh,1,1,Away
11/2/24,USA,1,28,4,Aarif Sheikh,.,0,Away
11/2/24,USA,1,28,5,Aarif Sheikh,.,0,Away
11/2/24,USA,1,28,6,Aarif Sheikh,1,1,Away
11/2/24,USA,1,29,1,Dipendra Singh Airee,1,1,Away
11/2/24,USA,1,29,2,Dipendra Singh Airee,.,0,Away
11/2/24,USA,1,29,3,Dipendra Singh Airee,1,1,Away
11/2/24,USA,1,29,4,Dipendra Singh Airee,1,1,Away
11/2/24,USA,1,29,5,Dipendra Singh Airee,.,0,Away
11/2/24,USA,1,29,6,Dipendra Singh Airee,2,2,Away
11/2/24,USA,1,30,1,Aarif Sheikh,2,2,Away
11/2/24,USA,1,30,2,Aarif Sheikh,.,0,Away
11/2/24,USA,1,30,3,Aarif Sheikh,1,1,Away
11/2/24,USA,1,30,4,Aarif Sheikh,1,1,Away
11/2/24,USA,1,30,5,Aarif Sheikh,1,1,Away
11/2/24,USA,1,30,6,Aarif Sheikh,1,1,Away
11/2/24,USA,1,31,1,Sandeep Lamichhane,W,0,Away
11/2/24,USA,1,31,2,Sandeep Lamichhane,.,0,Away
11/2/24,USA,1,31,3,Sandeep Lamichhane,.,0,Away
11/2/24,USA,1,31,4,Sandeep Lamichhane,.,0,Away
11/2/24,USA,1,31,5,Sandeep Lamichhane,1,1,Away
11/2/24,USA,1,31,6,Sandeep Lamichhane,1,1,Away
11/2/24,USA,1,32,1,Aarif Sheikh,1,1,Away
11/2/24,USA,1,32,2,Aarif Sheikh,1lb,1,Away
11/2/24,USA,1,32,3,Aarif Sheikh,.,0,Away
11/2/24,USA,1,32,4,Aarif Sheikh,1,1,Away
11/2/24,USA,1,32,5,Aarif Sheikh,1,1,Away
11/2/24,USA,1,32,6,Aarif Sheikh,.,0,Away
11/2/24,USA,1,33,1,Sandeep Lamichhane,.,0,Away
11/2/24,USA,1,33,2,Sandeep Lamichhane,4,4,Away
11/2/24,USA,1,33,3,Sandeep Lamichhane,.,0,Away
11/2/24,USA,1,33,4,Sandeep Lamichhane,.,0,Away
11/2/24,USA,1,33,5,Sandeep Lamichhane,1,1,Away
11/2/24,USA,1,33,6,Sandeep Lamichhane,.,0,Away
11/2/24,USA,1,34,1,Kushal Bhurtel,1,1,Away
11/2/24,USA,1,34,2,Kushal Bhurtel,1,1,Away
11/2/24,USA,1,34,3,Kushal Bhurtel,.,0,Away
11/2/24,USA,1,34,4,Kushal Bhurtel,1,1,Away
11/2/24,USA,1,34,5,Kushal Bhurtel,2,2,Away
11/2/24,USA,1,34,6,Kushal Bhurtel,1,1,Away
11/2/24,USA,1,35,1,Sandeep Lamichhane,1,1,Away
11/2/24,USA,1,35,2,Sandeep Lamichhane,.,0,Away
11/2/24,USA,1,35,3,Sandeep Lamichhane,4,4,Away
11/2/24,USA,1,35,4,Sandeep Lamichhane,.,0,Away
11/2/24,USA,1,35,5,Sandeep Lamichhane,.,0,Away
11/2/24,USA,1,35,6,Sandeep Lamichhane,.,0,Away
11/2/24,USA,1,36,1,Aarif Sheikh,.,0,Away
11/2/24,USA,1,36,2,Aarif Sheikh,4,4,Away
11/2/24,USA,1,36,3,Aarif Sheikh,1,1,Away
11/2/24,USA,1,36,4,Aarif Sheikh,1,1,Away
11/2/24,USA,1,36,5,Aarif Sheikh,1,1,Away
11/2/24,USA,1,36,6,Aarif Sheikh,1,1,Away
11/2/24,USA,1,37,1,Kushal Bhurtel,W,0,Away
11/2/24,USA,1,37,2,Kushal Bhurtel,1,1,Away
11/2/24,USA,1,37,3,Kushal Bhurtel,1,1,Away
11/2/24,USA,1,37,4,Kushal Bhurtel,1w,1,Away
11/2/24,USA,1,37,4,Kushal Bhurtel,1,1,Away
11/2/24,USA,1,37,5,Kushal Bhurtel,4,4,Away
11/2/24,USA,1,37,6,Kushal Bhurtel,.,0,Away
11/2/24,USA,1,38,1,Sompal Kami,.,0,Away
11/2/24,USA,1,38,2,Sompal Kami,.,0,Away
11/2/24,USA,1,38,3,Sompal Kami,1,1,Away
11/2/24,USA,1,38,4,Sompal Kami,1,1,Away
11/2/24,USA,1,38,5,Sompal Kami,1lb,1,Away
11/2/24,USA,1,38,6,Sompal Kami,1,1,Away
11/2/24,USA,1,39,1,Sandeep Lamichhane,.,0,Away
11/2/24,USA,1,39,2,Sandeep Lamichhane,1,1,Away
11/2/24,USA,1,39,3,Sandeep Lamichhane,1,1,Away
11/2/24,USA,1,39,4,Sandeep Lamichhane,4,4,Away
11/2/24,USA,1,39,5,Sandeep Lamichhane,.,0,Away
11/2/24,USA,1,39,6,Sandeep Lamichhane,1,1,Away
11/2/24,USA,1,40,1,Sompal Kami,.,0,Away
11/2/24,USA,1,40,2,Sompal Kami,1,1,Away
11/2/24,USA,1,40,3,Sompal Kami,2,2,Away
11/2/24,USA,1,40,4,Sompal Kami,1,1,Away
11/2/24,USA,1,40,5,Sompal Kami,2,2,Away
11/2/24,USA,1,40,6,Sompal Kami,2,2,Away
11/2/24,USA,1,41,1,Sandeep Lamichhane,1,1,Away
11/2/24,USA,1,41,2,Sandeep Lamichhane,1,1,Away
11/2/24,USA,1,41,3,Sandeep Lamichhane,.,0,Away
11/2/24,USA,1,41,4,Sandeep Lamichhane,1,1,Away
11/2/24,USA,1,41,5,Sandeep Lamichhane,1,1,Away
11/2/24,USA,1,41,6,Sandeep Lamichhane,1lb,1,Away
11/2/24,USA,1,42,1,Gulsan Jha,1,1,Away
11/2/24,USA,1,42,2,Gulsan Jha,1w,1,Away
11/2/24,USA,1,42,2,Gulsan Jha,W,0,Away
11/2/24,USA,1,42,3,Gulsan Jha,1,1,Away
11/2/24,USA,1,42,4,Gulsan Jha,1,1,Away
11/2/24,USA,1,42,5,Gulsan Jha,1,1,Away
11/2/24,USA,1,42,6,Gulsan Jha,1,1,Away
11/2/24,USA,1,43,1,Sandeep Lamichhane,4,4,Away
11/2/24,USA,1,43,2,Sandeep Lamichhane,.,0,Away
11/2/24,USA,1,43,3,Sandeep Lamichhane,.,0,Away
11/2/24,USA,1,43,4,Sandeep Lamichhane,.,0,Away
11/2/24,USA,1,43,5,Sandeep Lamichhane,1,1,Away
11/2/24,USA,1,43,6,Sandeep Lamichhane,1,1,Away
11/2/24,USA,1,44,1,Gulsan Jha,1,1,Away
11/2/24,USA,1,44,2,Gulsan Jha,1,1,Away
11/2/24,USA,1,44,3,Gulsan Jha,1,1,Away
11/2/24,USA,1,44,4,Gulsan Jha,4,4,Away
11/2/24,USA,1,44,5,Gulsan Jha,1,1,Away
11/2/24,USA,1,44,6,Gulsan Jha,1,1,Away
11/2/24,USA,1,45,1,Sompal Kami,.,0,Away
11/2/24,USA,1,45,2,Sompal Kami,.,0,Away
11/2/24,USA,1,45,3,Sompal Kami,2,2,Away
11/2/24,USA,1,45,4,Sompal Kami,W,0,Away
11/2/24,USA,1,45,5,Sompal Kami,1,1,Away
11/2/24,USA,1,45,6,Sompal Kami,1,1,Away
11/2/24,USA,1,46,1,Gulsan Jha,1,1,Away
11/2/24,USA,1,46,2,Gulsan Jha,1,1,Away
11/2/24,USA,1,46,3,Gulsan Jha,2,2,Away
11/2/24,USA,1,46,4,Gulsan Jha,1,1,Away
11/2/24,USA,1,46,5,Gulsan Jha,.,0,Away
11/2/24,USA,1,46,6,Gulsan Jha,.,0,Away
11/2/24,USA,1,47,1,Sompal Kami,1,1,Away
11/2/24,USA,1,47,2,Sompal Kami,.,0,Away
11/2/24,USA,1,47,3,Sompal Kami,1,1,Away
11/2/24,USA,1,47,4,Sompal Kami,1,1,Away
11/2/24,USA,1,47,5,Sompal Kami,1lb,1,Away
11/2/24,USA,1,47,6,Sompal Kami,1,1,Away
11/2/24,USA,1,48,1,Gulsan Jha,1,1,Away
11/2/24,USA,1,48,2,Gulsan Jha,1,1,Away
11/2/24,USA,1,48,3,Gulsan Jha,1,1,Away
11/2/24,USA,1,48,4,Gulsan Jha,1,1,Away
11/2/24,USA,1,48,5,Gulsan Jha,6,6,Away
11/2/24,USA,1,48,6,Gulsan Jha,.,0,Away
11/2/24,USA,1,49,1,Sompal Kami,1,1,Away
11/2/24,USA,1,49,2,Sompal Kami,2,2,Away
11/2/24,USA,1,49,3,Sompal Kami,1,1,Away
11/2/24,USA,1,49,4,Sompal Kami,1,1,Away
11/2/24,USA,1,49,5,Sompal Kami,1,1,Away
11/2/24,USA,1,49,6,Sompal Kami,W,0,Away
11/2/24,USA,1,50,1,Gulsan Jha,6,6,Away
11/2/24,USA,1,50,2,Gulsan Jha,4,4,Away
11/2/24,USA,1,50,3,Gulsan Jha,.,0,Away
11/2/24,USA,1,50,4,Gulsan Jha,.,0,Away
11/2/24,USA,1,50,5,Gulsan Jha,6,6,Away
11/2/24,USA,1,50,6,Gulsan Jha,W,0,Away
6/2/25,Scotland,1,1,1,Rijan Dhakal,4,4,Away
6/2/25,Scotland,1,1,2,Rijan Dhakal,2,2,Away
6/2/25,Scotland,1,1,3,Rijan Dhakal,4,4,Away
6/2/25,Scotland,1,1,4,Rijan Dhakal,.,0,Away
6/2/25,Scotland,1,1,5,Rijan Dhakal,.,0,Away
6/2/25,Scotland,1,1,6,Rijan Dhakal,2,2,Away
6/2/25,Scotland,1,2,1,Karan KC,.,0,Away
6/2/25,Scotland,1,2,2,Karan KC,.,0,Away
6/2/25,Scotland,1,2,3,Karan KC,.,0,Away
6/2/25,Scotland,1,2,4,Karan KC,.,0,Away
6/2/25,Scotland,1,2,5,Karan KC,4,4,Away
6/2/25,Scotland,1,2,6,Karan KC,.,0,Away
6/2/25,Scotland,1,3,1,Rijan Dhakal,.,0,Away
6/2/25,Scotland,1,3,2,Rijan Dhakal,W,0,Away
6/2/25,Scotland,1,3,3,Rijan Dhakal,.,0,Away
6/2/25,Scotland,1,3,4,Rijan Dhakal,4,4,Away
6/2/25,Scotland,1,3,5,Rijan Dhakal,2,2,Away
6/2/25,Scotland,1,3,6,Rijan Dhakal,1,1,Away
6/2/25,Scotland,1,4,1,Karan KC,.,0,Away
6/2/25,Scotland,1,4,2,Karan KC,2,2,Away
6/2/25,Scotland,1,4,3,Karan KC,.,0,Away
6/2/25,Scotland,1,4,4,Karan KC,1lb,1,Away
6/2/25,Scotland,1,4,5,Karan KC,1,1,Away
6/2/25,Scotland,1,4,6,Karan KC,.,0,Away
6/2/25,Scotland,1,5,1,Rijan Dhakal,2,2,Away
6/2/25,Scotland,1,5,2,Rijan Dhakal,3,3,Away
6/2/25,Scotland,1,5,3,Rijan Dhakal,.,0,Away
6/2/25,Scotland,1,5,4,Rijan Dhakal,.,0,Away
6/2/25,Scotland,1,5,5,Rijan Dhakal,.,0,Away
6/2/25,Scotland,1,5,6,Rijan Dhakal,.,0,Away
6/2/25,Scotland,1,6,1,Karan KC,.,0,Away
6/2/25,Scotland,1,6,2,Karan KC,1w,1,Away
6/2/25,Scotland,1,6,2,Karan KC,1w,1,Away
6/2/25,Scotland,1,6,2,Karan KC,1,1,Away
6/2/25,Scotland,1,6,3,Karan KC,.,0,Away
6/2/25,Scotland,1,6,4,Karan KC,1,1,Away
6/2/25,Scotland,1,6,5,Karan KC,.,0,Away
6/2/25,Scotland,1,6,6,Karan KC,1,1,Away
6/2/25,Scotland,1,7,1,Rijan Dhakal,.,0,Away
6/2/25,Scotland,1,7,2,Rijan Dhakal,6,6,Away
6/2/25,Scotland,1,7,3,Rijan Dhakal,.,0,Away
6/2/25,Scotland,1,7,4,Rijan Dhakal,.,0,Away
6/2/25,Scotland,1,7,5,Rijan Dhakal,4,4,Away
6/2/25,Scotland,1,7,6,Rijan Dhakal,4,4,Away
6/2/25,Scotland,1,8,1,Sompal Kami,.,0,Away
6/2/25,Scotland,1,8,2,Sompal Kami,.,0,Away
6/2/25,Scotland,1,8,3,Sompal Kami,1,1,Away
6/2/25,Scotland,1,8,4,Sompal Kami,1,1,Away
6/2/25,Scotland,1,8,5,Sompal Kami,.,0,Away
6/2/25,Scotland,1,8,6,Sompal Kami,.,0,Away
6/2/25,Scotland,1,9,1,Karan KC,1w,1,Away
6/2/25,Scotland,1,9,1,Karan KC,.,0,Away
6/2/25,Scotland,1,9,2,Karan KC,.,0,Away
6/2/25,Scotland,1,9,3,Karan KC,4,4,Away
6/2/25,Scotland,1,9,4,Karan KC,4,4,Away
6/2/25,Scotland,1,9,5,Karan KC,.,0,Away
6/2/25,Scotland,1,9,6,Karan KC,.,0,Away
6/2/25,Scotland,1,10,1,Sompal Kami,.,0,Away
6/2/25,Scotland,1,10,2,Sompal Kami,.,0,Away
6/2/25,Scotland,1,10,3,Sompal Kami,.,0,Away
6/2/25,Scotland,1,10,4,Sompal Kami,1,1,Away
6/2/25,Scotland,1,10,5,Sompal Kami,.,0,Away
6/2/25,Scotland,1,10,6,Sompal Kami,.,0,Away
6/2/25,Scotland,1,11,1,Sandeep Lamichhane,1,1,Away
6/2/25,Scotland,1,11,2,Sandeep Lamichhane,1,1,Away
6/2/25,Scotland,1,11,3,Sandeep Lamichhane,.,0,Away
6/2/25,Scotland,1,11,4,Sandeep Lamichhane,1,1,Away
6/2/25,Scotland,1,11,5,Sandeep Lamichhane,.,0,Away
6/2/25,Scotland,1,11,6,Sandeep Lamichhane,4,4,Away
6/2/25,Scotland,1,12,1,Sompal Kami,4,4,Away
6/2/25,Scotland,1,12,2,Sompal Kami,1w,1,Away
6/2/25,Scotland,1,12,2,Sompal Kami,1,1,Away
6/2/25,Scotland,1,12,3,Sompal Kami,1,1,Away
6/2/25,Scotland,1,12,4,Sompal Kami,.,0,Away
6/2/25,Scotland,1,12,5,Sompal Kami,W,0,Away
6/2/25,Scotland,1,12,6,Sompal Kami,4,4,Away
6/2/25,Scotland,1,13,1,Sandeep Lamichhane,.,0,Away
6/2/25,Scotland,1,13,2,Sandeep Lamichhane,1,1,Away
6/2/25,Scotland,1,13,3,Sandeep Lamichhane,.,0,Away
6/2/25,Scotland,1,13,4,Sandeep Lamichhane,.,0,Away
6/2/25,Scotland,1,13,5,Sandeep Lamichhane,.,0,Away
6/2/25,Scotland,1,13,6,Sandeep Lamichhane,.,0,Away
6/2/25,Scotland,1,14,1,Sompal Kami,.,0,Away
6/2/25,Scotland,1,14,2,Sompal Kami,.,0,Away
6/2/25,Scotland,1,14,3,Sompal Kami,.,0,Away
6/2/25,Scotland,1,14,4,Sompal Kami,.,0,Away
6/2/25,Scotland,1,14,5,Sompal Kami,1w,1,Away
6/2/25,Scotland,1,14,5,Sompal Kami,4,4,Away
6/2/25,Scotland,1,14,6,Sompal Kami,.,0,Away
6/2/25,Scotland,1,15,1,Sandeep Lamichhane,.,0,Away
6/2/25,Scotland,1,15,2,Sandeep Lamichhane,.,0,Away
6/2/25,Scotland,1,15,3,Sandeep Lamichhane,1,1,Away
6/2/25,Scotland,1,15,4,Sandeep Lamichhane,1w,1,Away
6/2/25,Scotland,1,15,4,Sandeep Lamichhane,.,0,Away
6/2/25,Scotland,1,15,5,Sandeep Lamichhane,1,1,Away
6/2/25,Scotland,1,15,6,Sandeep Lamichhane,.,0,Away
6/2/25,Scotland,1,16,1,Sompal Kami,.,0,Away
6/2/25,Scotland,1,16,2,Sompal Kami,4,4,Away
6/2/25,Scotland,1,16,3,Sompal Kami,4,4,Away
6/2/25,Scotland,1,16,4,Sompal Kami,.,0,Away
6/2/25,Scotland,1,16,5,Sompal Kami,4,4,Away
6/2/25,Scotland,1,16,6,Sompal Kami,1,1,Away
6/2/25,Scotland,1,17,1,Sandeep Lamichhane,.,0,Away
6/2/25,Scotland,1,17,2,Sandeep Lamichhane,1,1,Away
6/2/25,Scotland,1,17,3,Sandeep Lamichhane,.,0,Away
6/2/25,Scotland,1,17,4,Sandeep Lamichhane,4,4,Away
6/2/25,Scotland,1,17,5,Sandeep Lamichhane,.,0,Away
6/2/25,Scotland,1,17,6,Sandeep Lamichhane,1,1,Away
6/2/25,Scotland,1,18,1,Kushal Bhurtel,.,0,Away
6/2/25,Scotland,1,18,2,Kushal Bhurtel,1,1,Away
6/2/25,Scotland,1,18,3,Kushal Bhurtel,1,1,Away
6/2/25,Scotland,1,18,4,Kushal Bhurtel,1,1,Away
6/2/25,Scotland,1,18,5,Kushal Bhurtel,.,0,Away
6/2/25,Scotland,1,18,6,Kushal Bhurtel,1,1,Away
6/2/25,Scotland,1,19,1,Aarif Sheikh,4,4,Away
6/2/25,Scotland,1,19,2,Aarif Sheikh,.,0,Away
6/2/25,Scotland,1,19,3,Aarif Sheikh,1,1,Away
6/2/25,Scotland,1,19,4,Aarif Sheikh,.,0,Away
6/2/25,Scotland,1,19,5,Aarif Sheikh,.,0,Away
6/2/25,Scotland,1,19,6,Aarif Sheikh,.,0,Away
6/2/25,Scotland,1,20,1,Kushal Bhurtel,.,0,Away
6/2/25,Scotland,1,20,2,Kushal Bhurtel,1,1,Away
6/2/25,Scotland,1,20,3,Kushal Bhurtel,1,1,Away
6/2/25,Scotland,1,20,4,Kushal Bhurtel,.,0,Away
6/2/25,Scotland,1,20,5,Kushal Bhurtel,.,0,Away
6/2/25,Scotland,1,20,6,Kushal Bhurtel,1,1,Away
6/2/25,Scotland,1,21,1,Aarif Sheikh,1,1,Away
6/2/25,Scotland,1,21,2,Aarif Sheikh,.,0,Away
6/2/25,Scotland,1,21,3,Aarif Sheikh,.,0,Away
6/2/25,Scotland,1,21,4,Aarif Sheikh,.,0,Away
6/2/25,Scotland,1,21,5,Aarif Sheikh,1,1,Away
6/2/25,Scotland,1,21,6,Aarif Sheikh,4,4,Away
6/2/25,Scotland,1,22,1,Kushal Bhurtel,.,0,Away
6/2/25,Scotland,1,22,2,Kushal Bhurtel,6,6,Away
6/2/25,Scotland,1,22,3,Kushal Bhurtel,.,0,Away
6/2/25,Scotland,1,22,4,Kushal Bhurtel,1,1,Away
6/2/25,Scotland,1,22,5,Kushal Bhurtel,1,1,Away
6/2/25,Scotland,1,22,6,Kushal Bhurtel,4,4,Away
6/2/25,Scotland,1,23,1,Aarif Sheikh,1,1,Away
6/2/25,Scotland,1,23,2,Aarif Sheikh,.,0,Away
6/2/25,Scotland,1,23,3,Aarif Sheikh,2,2,Away
6/2/25,Scotland,1,23,4,Aarif Sheikh,1,1,Away
6/2/25,Scotland,1,23,5,Aarif Sheikh,1,1,Away
6/2/25,Scotland,1,23,6,Aarif Sheikh,1,1,Away
6/2/25,Scotland,1,24,1,Karan KC,1,1,Away
6/2/25,Scotland,1,24,2,Karan KC,.,0,Away
6/2/25,Scotland,1,24,3,Karan KC,.,0,Away
6/2/25,Scotland,1,24,4,Karan KC,2,2,Away
6/2/25,Scotland,1,24,5,Karan KC,.,0,Away
6/2/25,Scotland,1,24,6,Karan KC,.,0,Away
6/2/25,Scotland,1,25,1,Sandeep Lamichhane,.,0,Away
6/2/25,Scotland,1,25,2,Sandeep Lamichhane,.,0,Away
6/2/25,Scotland,1,25,3,Sandeep Lamichhane,2,2,Away
6/2/25,Scotland,1,25,4,Sandeep Lamichhane,6,6,Away
6/2/25,Scotland,1,25,5,Sandeep Lamichhane,.,0,Away
6/2/25,Scotland,1,25,6,Sandeep Lamichhane,.,0,Away
6/2/25,Scotland,1,26,1,Karan KC,W,0,Away
6/2/25,Scotland,1,26,2,Karan KC,1,1,Away
6/2/25,Scotland,1,26,3,Karan KC,.,0,Away
6/2/25,Scotland,1,26,4,Karan KC,.,0,Away
6/2/25,Scotland,1,26,5,Karan KC,1,1,Away
6/2/25,Scotland,1,26,6,Karan KC,.,0,Away
6/2/25,Scotland,1,27,1,Sandeep Lamichhane,.,0,Away
6/2/25,Scotland,1,27,2,Sandeep Lamichhane,1,1,Away
6/2/25,Scotland,1,27,3,Sandeep Lamichhane,.,0,Away
6/2/25,Scotland,1,27,4,Sandeep Lamichhane,.,0,Away
6/2/25,Scotland,1,27,5,Sandeep Lamichhane,.,0,Away
6/2/25,Scotland,1,27,6,Sandeep Lamichhane,.,0,Away
6/2/25,Scotland,1,28,1,Karan KC,W,0,Away
6/2/25,Scotland,1,28,2,Karan KC,.,0,Away
6/2/25,Scotland,1,28,3,Karan KC,.,0,Away
6/2/25,Scotland,1,28,4,Karan KC,.,0,Away
6/2/25,Scotland,1,28,5,Karan KC,2,2,Away
6/2/25,Scotland,1,28,6,Karan KC,.,0,Away
6/2/25,Scotland,1,29,1,Sandeep Lamichhane,.,0,Away
6/2/25,Scotland,1,29,2,Sandeep Lamichhane,4,4,Away
6/2/25,Scotland,1,29,3,Sandeep Lamichhane,1,1,Away
6/2/25,Scotland,1,29,4,Sandeep Lamichhane,.,0,Away
6/2/25,Scotland,1,29,5,Sandeep Lamichhane,.,0,Away
6/2/25,Scotland,1,29,6,Sandeep Lamichhane,.,0,Away
6/2/25,Scotland,1,30,1,Karan KC,.,0,Away
6/2/25,Scotland,1,30,2,Karan KC,.,0,Away
6/2/25,Scotland,1,30,3,Karan KC,.,0,Away
6/2/25,Scotland,1,30,4,Karan KC,.,0,Away
6/2/25,Scotland,1,30,5,Karan KC,.,0,Away
6/2/25,Scotland,1,30,6,Karan KC,.,0,Away
6/2/25,Scotland,1,31,1,Rijan Dhakal,.,0,Away
6/2/25,Scotland,1,31,2,Rijan Dhakal,.,0,Away
6/2/25,Scotland,1,31,3,Rijan Dhakal,.,0,Away
6/2/25,Scotland,1,31,4,Rijan Dhakal,1,1,Away
6/2/25,Scotland,1,31,5,Rijan Dhakal,1,1,Away
6/2/25,Scotland,1,31,6,Rijan Dhakal,1,1,Away
6/2/25,Scotland,1,32,1,Sompal Kami,1,1,Away
6/2/25,Scotland,1,32,2,Sompal Kami,.,0,Away
6/2/25,Scotland,1,32,3,Sompal Kami,.,0,Away
6/2/25,Scotland,1,32,4,Sompal Kami,1w,1,Away
6/2/25,Scotland,1,32,4,Sompal Kami,1,1,Away
6/2/25,Scotland,1,32,5,Sompal Kami,.,0,Away
6/2/25,Scotland,1,32,6,Sompal Kami,1,1,Away
6/2/25,Scotland,1,33,1,Rijan Dhakal,1nb,1,Away
6/2/25,Scotland,1,33,1,Rijan Dhakal,1,1,Away
6/2/25,Scotland,1,33,2,Rijan Dhakal,.,0,Away
6/2/25,Scotland,1,33,3,Rijan Dhakal,1,1,Away
6/2/25,Scotland,1,33,4,Rijan Dhakal,.,0,Away
6/2/25,Scotland,1,33,5,Rijan Dhakal,.,0,Away
6/2/25,Scotland,1,33,5,Rijan Dhakal,2nb,2,Away
6/2/25,Scotland,1,33,6,Rijan Dhakal,2,2,Away
6/2/25,Scotland,1,34,1,Sompal Kami,.,0,Away
6/2/25,Scotland,1,34,2,Sompal Kami,1,1,Away
6/2/25,Scotland,1,34,3,Sompal Kami,.,0,Away
6/2/25,Scotland,1,34,4,Sompal Kami,1,1,Away
6/2/25,Scotland,1,34,5,Sompal Kami,1,1,Away
6/2/25,Scotland,1,34,6,Sompal Kami,.,0,Away
6/2/25,Scotland,1,35,1,Kushal Bhurtel,4,4,Away
6/2/25,Scotland,1,35,2,Kushal Bhurtel,.,0,Away
6/2/25,Scotland,1,35,3,Kushal Bhurtel,1,1,Away
6/2/25,Scotland,1,35,4,Kushal Bhurtel,.,0,Away
6/2/25,Scotland,1,35,5,Kushal Bhurtel,1,1,Away
6/2/25,Scotland,1,35,6,Kushal Bhurtel,1,1,Away
6/2/25,Scotland,1,36,1,Gulsan Jha,.,0,Away
6/2/25,Scotland,1,36,2,Gulsan Jha,1,1,Away
6/2/25,Scotland,1,36,3,Gulsan Jha,.,0,Away
6/2/25,Scotland,1,36,4,Gulsan Jha,1,1,Away
6/2/25,Scotland,1,36,5,Gulsan Jha,1,1,Away
6/2/25,Scotland,1,36,6,Gulsan Jha,.,0,Away
6/2/25,Scotland,1,37,1,Sandeep Lamichhane,2,2,Away
6/2/25,Scotland,1,37,2,Sandeep Lamichhane,.,0,Away
6/2/25,Scotland,1,37,3,Sandeep Lamichhane,1,1,Away
6/2/25,Scotland,1,37,4,Sandeep Lamichhane,4,4,Away
6/2/25,Scotland,1,37,5,Sandeep Lamichhane,.,0,Away
6/2/25,Scotland,1,37,6,Sandeep Lamichhane,.,0,Away
6/2/25,Scotland,1,38,1,Gulsan Jha,1,1,Away
6/2/25,Scotland,1,38,2,Gulsan Jha,1,1,Away
6/2/25,Scotland,1,38,3,Gulsan Jha,.,0,Away
6/2/25,Scotland,1,38,4,Gulsan Jha,2,2,Away
6/2/25,Scotland,1,38,5,Gulsan Jha,1,1,Away
6/2/25,Scotland,1,38,6,Gulsan Jha,.,0,Away
6/2/25,Scotland,1,39,1,Sandeep Lamichhane,.,0,Away
6/2/25,Scotland,1,39,2,Sandeep Lamichhane,.,0,Away
6/2/25,Scotland,1,39,3,Sandeep Lamichhane,4,4,Away
6/2/25,Scotland,1,39,4,Sandeep Lamichhane,.,0,Away
6/2/25,Scotland,1,39,5,Sandeep Lamichhane,.,0,Away
6/2/25,Scotland,1,39,6,Sandeep Lamichhane,.,0,Away
6/2/25,Scotland,1,40,1,Gulsan Jha,.,0,Away
6/2/25,Scotland,1,40,2,Gulsan Jha,1,1,Away
6/2/25,Scotland,1,40,3,Gulsan Jha,4,4,Away
6/2/25,Scotland,1,40,4,Gulsan Jha,1lb,1,Away
6/2/25,Scotland,1,40,5,Gulsan Jha,1,1,Away
6/2/25,Scotland,1,40,6,Gulsan Jha,2lb,2,Away
6/2/25,Scotland,1,41,1,Rijan Dhakal,1,1,Away
6/2/25,Scotland,1,41,2,Rijan Dhakal,1,1,Away
6/2/25,Scotland,1,41,3,Rijan Dhakal,4,4,Away
6/2/25,Scotland,1,41,4,Rijan Dhakal,1,1,Away
6/2/25,Scotland,1,41,5,Rijan Dhakal,.,0,Away
6/2/25,Scotland,1,41,6,Rijan Dhakal,.,0,Away
6/2/25,Scotland,1,42,1,Sompal Kami,1,1,Away
6/2/25,Scotland,1,42,2,Sompal Kami,1,1,Away
6/2/25,Scotland,1,42,3,Sompal Kami,3,3,Away
6/2/25,Scotland,1,42,4,Sompal Kami,3,3,Away
6/2/25,Scotland,1,42,5,Sompal Kami,.,0,Away
6/2/25,Scotland,1,42,6,Sompal Kami,1,1,Away
6/2/25,Scotland,1,43,1,Sandeep Lamichhane,1lb,1,Away
6/2/25,Scotland,1,43,2,Sandeep Lamichhane,1,1,Away
6/2/25,Scotland,1,43,3,Sandeep Lamichhane,.,0,Away
6/2/25,Scotland,1,43,4,Sandeep Lamichhane,1,1,Away
6/2/25,Scotland,1,43,5,Sandeep Lamichhane,W,0,Away
6/2/25,Scotland,1,43,6,Sandeep Lamichhane,.,0,Away
6/2/25,Scotland,1,44,1,Karan KC,.,0,Away
6/2/25,Scotland,1,44,2,Karan KC,1,1,Away
6/2/25,Scotland,1,44,3,Karan KC,.,0,Away
6/2/25,Scotland,1,44,4,Karan KC,1,1,Away
6/2/25,Scotland,1,44,5,Karan KC,.,0,Away
6/2/25,Scotland,1,44,6,Karan KC,1,1,Away
6/2/25,Scotland,1,45,1,Rijan Dhakal,1lb,1,Away
6/2/25,Scotland,1,45,2,Rijan Dhakal,2lb,2,Away
6/2/25,Scotland,1,45,3,Rijan Dhakal,2,2,Away
6/2/25,Scotland,1,45,4,Rijan Dhakal,1,1,Away
6/2/25,Scotland,1,45,5,Rijan Dhakal,.,0,Away
6/2/25,Scotland,1,45,6,Rijan Dhakal,1,1,Away
6/2/25,Scotland,1,46,1,Karan KC,1,1,Away
6/2/25,Scotland,1,46,2,Karan KC,6,6,Away
6/2/25,Scotland,1,46,3,Karan KC,1,1,Away
6/2/25,Scotland,1,46,4,Karan KC,2,2,Away
6/2/25,Scotland,1,46,5,Karan KC,.,0,Away
6/2/25,Scotland,1,46,6,Karan KC,1w,1,Away
6/2/25,Scotland,1,46,7,Karan KC,1,1,Away
6/2/25,Scotland,1,47,1,Rijan Dhakal,3nb,3,Away
6/2/25,Scotland,1,47,2,Rijan Dhakal,6,6,Away
6/2/25,Scotland,1,47,3,Rijan Dhakal,1,1,Away
6/2/25,Scotland,1,47,4,Rijan Dhakal,2,2,Away
6/2/25,Scotland,1,47,5,Rijan Dhakal,1,1,Away
6/2/25,Scotland,1,47,6,Rijan Dhakal,1,1,Away
6/2/25,Scotland,1,47,7,Rijan Dhakal,2,2,Away
6/2/25,Scotland,1,48,1,Sompal Kami,.,0,Away
6/2/25,Scotland,1,48,2,Sompal Kami,2,2,Away
6/2/25,Scotland,1,48,3,Sompal Kami,1,1,Away
6/2/25,Scotland,1,48,4,Sompal Kami,1,1,Away
6/2/25,Scotland,1,48,5,Sompal Kami,1,1,Away
6/2/25,Scotland,1,48,6,Sompal Kami,1,1,Away
6/2/25,Scotland,1,48,7,Sompal Kami,1,1,Away
6/2/25,Scotland,1,49,1,Rijan Dhakal,.,0,Away
6/2/25,Scotland,1,49,2,Rijan Dhakal,W,0,Away
6/2/25,Scotland,1,49,3,Rijan Dhakal,.,0,Away
6/2/25,Scotland,1,49,4,Rijan Dhakal,1,1,Away
6/2/25,Scotland,1,49,5,Rijan Dhakal,1,1,Away
6/2/25,Scotland,1,49,6,Rijan Dhakal,1,1,Away
6/2/25,Scotland,1,50,1,Sompal Kami,1,1,Away
6/2/25,Scotland,1,50,2,Sompal Kami,W,0,Away
6/2/25,Scotland,1,50,3,Sompal Kami,1,1,Away
6/2/25,Scotland,1,50,4,Sompal Kami,1,1,Away
6/2/25,Scotland,1,50,5,Sompal Kami,3,3,Away
6/2/25,Scotland,1,50,6,Sompal Kami,6,6,Away
6/24/25,Netherlands,1,1,1,Karan KC,.,0,Away
6/24/25,Netherlands,1,1,2,Karan KC,.,0,Away
6/24/25,Netherlands,1,1,3,Karan KC,1,1,Away
6/24/25,Netherlands,1,1,4,Karan KC,.,0,Away
6/24/25,Netherlands,1,1,5,Karan KC,.,0,Away
6/24/25,Netherlands,1,1,6,Karan KC,.,0,Away
6/24/25,Netherlands,1,2,1,Sompal Kami,W,0,Away
6/24/25,Netherlands,1,2,2,Sompal Kami,1,1,Away
6/24/25,Netherlands,1,2,3,Sompal Kami,4,4,Away
6/24/25,Netherlands,1,2,4,Sompal Kami,.,0,Away
6/24/25,Netherlands,1,2,5,Sompal Kami,.,0,Away
6/24/25,Netherlands,1,2,6,Sompal Kami,.,0,Away
6/24/25,Netherlands,1,3,1,Karan KC,.,0,Away
6/24/25,Netherlands,1,3,2,Karan KC,.,0,Away
6/24/25,Netherlands,1,3,3,Karan KC,1,1,Away
6/24/25,Netherlands,1,3,4,Karan KC,2w,2,Away
6/24/25,Netherlands,1,3,5,Karan KC,.,0,Away
6/24/25,Netherlands,1,3,6,Karan KC,.,0,Away
6/24/25,Netherlands,1,3,7,Karan KC,1,1,Away
6/24/25,Netherlands,1,4,1,Sompal Kami,.,0,Away
6/24/25,Netherlands,1,4,2,Sompal Kami,.,0,Away
6/24/25,Netherlands,1,4,3,Sompal Kami,3,3,Away
6/24/25,Netherlands,1,4,4,Sompal Kami,.,0,Away
6/24/25,Netherlands,1,4,5,Sompal Kami,.,0,Away
6/24/25,Netherlands,1,4,6,Sompal Kami,.,0,Away
6/24/25,Netherlands,1,5,1,Karan KC,1,1,Away
6/24/25,Netherlands,1,5,2,Karan KC,.,0,Away
6/24/25,Netherlands,1,5,3,Karan KC,1lb,1,Away
6/24/25,Netherlands,1,5,4,Karan KC,1,1,Away
6/24/25,Netherlands,1,5,5,Karan KC,W,0,Away
6/24/25,Netherlands,1,5,6,Karan KC,1,1,Away
6/24/25,Netherlands,1,6,1,Sompal Kami,1,1,Away
6/24/25,Netherlands,1,6,2,Sompal Kami,.,0,Away
6/24/25,Netherlands,1,6,3,Sompal Kami,4,4,Away
6/24/25,Netherlands,1,6,4,Sompal Kami,.,0,Away
6/24/25,Netherlands,1,6,5,Sompal Kami,.,0,Away
6/24/25,Netherlands,1,6,6,Sompal Kami,1,1,Away
6/24/25,Netherlands,1,7,1,Karan KC,.,0,Away
6/24/25,Netherlands,1,7,2,Karan KC,.,0,Away
6/24/25,Netherlands,1,7,3,Karan KC,1,1,Away
6/24/25,Netherlands,1,7,4,Karan KC,1,1,Away
6/24/25,Netherlands,1,7,5,Karan KC,.,0,Away
6/24/25,Netherlands,1,7,6,Karan KC,.,0,Away
6/24/25,Netherlands,1,8,1,Sompal Kami,.,0,Away
6/24/25,Netherlands,1,8,2,Sompal Kami,.,0,Away
6/24/25,Netherlands,1,8,3,Sompal Kami,.,0,Away
6/24/25,Netherlands,1,8,4,Sompal Kami,4,4,Away
6/24/25,Netherlands,1,8,5,Sompal Kami,1w,1,Away
6/24/25,Netherlands,1,8,5,Sompal Kami,.,0,Away
6/24/25,Netherlands,1,8,6,Sompal Kami,.,0,Away
6/24/25,Netherlands,1,9,1,Karan KC,1,1,Away
6/24/25,Netherlands,1,9,2,Karan KC,4,4,Away
6/24/25,Netherlands,1,9,3,Karan KC,.,0,Away
6/24/25,Netherlands,1,9,4,Karan KC,.,0,Away
6/24/25,Netherlands,1,9,5,Karan KC,.,0,Away
6/24/25,Netherlands,1,9,6,Karan KC,.,0,Away
6/24/25,Netherlands,1,10,1,Aarif Sheikh,.,0,Away
6/24/25,Netherlands,1,10,2,Aarif Sheikh,.,0,Away
6/24/25,Netherlands,1,10,3,Aarif Sheikh,.,0,Away
6/24/25,Netherlands,1,10,4,Aarif Sheikh,.,0,Away
6/24/25,Netherlands,1,10,5,Aarif Sheikh,4,4,Away
6/24/25,Netherlands,1,10,6,Aarif Sheikh,1,1,Away
6/24/25,Netherlands,1,11,1,Gulsan Jha,1,1,Away
6/24/25,Netherlands,1,11,2,Gulsan Jha,.,0,Away
6/24/25,Netherlands,1,11,3,Gulsan Jha,.,0,Away
6/24/25,Netherlands,1,11,4,Gulsan Jha,.,0,Away
6/24/25,Netherlands,1,11,5,Gulsan Jha,1,1,Away
6/24/25,Netherlands,1,11,6,Gulsan Jha,.,0,Away
6/24/25,Netherlands,1,12,1,Aarif Sheikh,.,0,Away
6/24/25,Netherlands,1,12,2,Aarif Sheikh,.,0,Away
6/24/25,Netherlands,1,12,3,Aarif Sheikh,1,1,Away
6/24/25,Netherlands,1,12,4,Aarif Sheikh,.,0,Away
6/24/25,Netherlands,1,12,5,Aarif Sheikh,.,0,Away
6/24/25,Netherlands,1,12,6,Aarif Sheikh,2,2,Away
6/24/25,Netherlands,1,13,1,Gulsan Jha,.,0,Away
6/24/25,Netherlands,1,13,2,Gulsan Jha,2,2,Away
6/24/25,Netherlands,1,13,3,Gulsan Jha,2,2,Away
6/24/25,Netherlands,1,13,4,Gulsan Jha,.,0,Away
6/24/25,Netherlands,1,13,5,Gulsan Jha,.,0,Away
6/24/25,Netherlands,1,13,6,Gulsan Jha,.,0,Away
6/24/25,Netherlands,1,14,1,Aarif Sheikh,.,0,Away
6/24/25,Netherlands,1,14,2,Aarif Sheikh,2lb,2,Away
6/24/25,Netherlands,1,14,3,Aarif Sheikh,1,1,Away
6/24/25,Netherlands,1,14,4,Aarif Sheikh,1,1,Away
6/24/25,Netherlands,1,14,5,Aarif Sheikh,1,1,Away
6/24/25,Netherlands,1,14,6,Aarif Sheikh,.,0,Away
6/24/25,Netherlands,1,15,1,Gulsan Jha,1,1,Away
6/24/25,Netherlands,1,15,2,Gulsan Jha,.,0,Away
6/24/25,Netherlands,1,15,3,Gulsan Jha,1w,1,Away
6/24/25,Netherlands,1,15,4,Gulsan Jha,.,0,Away
6/24/25,Netherlands,1,15,5,Gulsan Jha,.,0,Away
6/24/25,Netherlands,1,15,6,Gulsan Jha,1,1,Away
6/24/25,Netherlands,1,15,7,Gulsan Jha,1w,1,Away
6/24/25,Netherlands,1,15,8,Gulsan Jha,1,1,Away
6/24/25,Netherlands,1,16,1,Aarif Sheikh,2,2,Away
6/24/25,Netherlands,1,16,2,Aarif Sheikh,.,0,Away
6/24/25,Netherlands,1,16,3,Aarif Sheikh,1,1,Away
6/24/25,Netherlands,1,16,4,Aarif Sheikh,.,0,Away
6/24/25,Netherlands,1,16,5,Aarif Sheikh,.,0,Away
6/24/25,Netherlands,1,16,6,Aarif Sheikh,.,0,Away
6/24/25,Netherlands,1,17,1,Gulsan Jha,1,1,Away
6/24/25,Netherlands,1,17,2,Gulsan Jha,1,1,Away
6/24/25,Netherlands,1,17,3,Gulsan Jha,1,1,Away
6/24/25,Netherlands,1,17,4,Gulsan Jha,.,0,Away
6/24/25,Netherlands,1,17,5,Gulsan Jha,1,1,Away
6/24/25,Netherlands,1,17,6,Gulsan Jha,.,0,Away
6/24/25,Netherlands,1,18,1,Aarif Sheikh,.,0,Away
6/24/25,Netherlands,1,18,2,Aarif Sheikh,4,4,Away
6/24/25,Netherlands,1,18,3,Aarif Sheikh,1,1,Away
6/24/25,Netherlands,1,18,4,Aarif Sheikh,.,0,Away
6/24/25,Netherlands,1,18,5,Aarif Sheikh,1,1,Away
6/24/25,Netherlands,1,18,6,Aarif Sheikh,.,0,Away
6/24/25,Netherlands,1,19,1,Dipendra Singh Airee,1w,1,Away
6/24/25,Netherlands,1,19,2,Dipendra Singh Airee,1,1,Away
6/24/25,Netherlands,1,19,3,Dipendra Singh Airee,.,0,Away
6/24/25,Netherlands,1,19,4,Dipendra Singh Airee,.,0,Away
6/24/25,Netherlands,1,19,5,Dipendra Singh Airee,.,0,Away
6/24/25,Netherlands,1,19,6,Dipendra Singh Airee,.,0,Away
6/24/25,Netherlands,1,19,7,Dipendra Singh Airee,.,0,Away
6/24/25,Netherlands,1,19,8,Dipendra Singh Airee,1,1,Away
6/24/25,Netherlands,1,20,1,Aarif Sheikh,.,0,Away
6/24/25,Netherlands,1,20,2,Aarif Sheikh,2,2,Away
6/24/25,Netherlands,1,20,3,Aarif Sheikh,1,1,Away
6/24/25,Netherlands,1,20,4,Aarif Sheikh,1,1,Away
6/24/25,Netherlands,1,20,5,Aarif Sheikh,1,1,Away
6/24/25,Netherlands,1,20,6,Aarif Sheikh,1,1,Away
6/24/25,Netherlands,1,19,1,Dipendra Singh Airee,1w,1,Away
6/24/25,Netherlands,1,19,1,Dipendra Singh Airee,1,1,Away
6/24/25,Netherlands,1,19,2,Dipendra Singh Airee,.,0,Away
6/24/25,Netherlands,1,19,3,Dipendra Singh Airee,.,0,Away
6/24/25,Netherlands,1,19,4,Dipendra Singh Airee,.,0,Away
6/24/25,Netherlands,1,19,5,Dipendra Singh Airee,.,0,Away
6/24/25,Netherlands,1,19,6,Dipendra Singh Airee,1,1,Away
6/24/25,Netherlands,1,20,1,Aarif Sheikh,.,0,Away
6/24/25,Netherlands,1,20,2,Aarif Sheikh,2,2,Away
6/24/25,Netherlands,1,20,3,Aarif Sheikh,.,0,Away
6/24/25,Netherlands,1,20,4,Aarif Sheikh,1,1,Away
6/24/25,Netherlands,1,20,5,Aarif Sheikh,1,1,Away
6/24/25,Netherlands,1,20,6,Aarif Sheikh,1,1,Away
6/24/25,Netherlands,1,21,1,Dipendra Singh Airee,1,1,Away
6/24/25,Netherlands,1,21,2,Dipendra Singh Airee,1,1,Away
6/24/25,Netherlands,1,21,3,Dipendra Singh Airee,.,0,Away
6/24/25,Netherlands,1,21,4,Dipendra Singh Airee,2,2,Away
6/24/25,Netherlands,1,21,5,Dipendra Singh Airee,1,1,Away
6/24/25,Netherlands,1,21,6,Dipendra Singh Airee,1,1,Away
6/24/25,Netherlands,1,22,1,Sandeep Lamichhane,.,0,Away
6/24/25,Netherlands,1,22,2,Sandeep Lamichhane,1,1,Away
6/24/25,Netherlands,1,22,3,Sandeep Lamichhane,1,1,Away
6/24/25,Netherlands,1,22,4,Sandeep Lamichhane,W,0,Away
6/24/25,Netherlands,1,22,5,Sandeep Lamichhane,.,0,Away
6/24/25,Netherlands,1,22,6,Sandeep Lamichhane,.,0,Away
6/24/25,Netherlands,1,23,1,Sompal Kami,1,1,Away
6/24/25,Netherlands,1,23,2,Sompal Kami,.,0,Away
6/24/25,Netherlands,1,23,3,Sompal Kami,.,0,Away
6/24/25,Netherlands,1,23,4,Sompal Kami,1,1,Away
6/24/25,Netherlands,1,23,5,Sompal Kami,1,1,Away
6/24/25,Netherlands,1,23,6,Sompal Kami,1w,1,Away
6/24/25,Netherlands,1,23,7,Sompal Kami,1,1,Away
6/24/25,Netherlands,1,24,1,Sandeep Lamichhane,1,1,Away
6/24/25,Netherlands,1,24,2,Sandeep Lamichhane,.,0,Away
6/24/25,Netherlands,1,24,3,Sandeep Lamichhane,1,1,Away
6/24/25,Netherlands,1,24,4,Sandeep Lamichhane,1,1,Away
6/24/25,Netherlands,1,24,5,Sandeep Lamichhane,.,0,Away
6/24/25,Netherlands,1,24,6,Sandeep Lamichhane,4,4,Away
6/24/25,Netherlands,1,25,1,Sompal Kami,1,1,Away
6/24/25,Netherlands,1,25,2,Sompal Kami,.,0,Away
6/24/25,Netherlands,1,25,3,Sompal Kami,.,0,Away
6/24/25,Netherlands,1,25,4,Sompal Kami,1w,1,Away
6/24/25,Netherlands,1,25,4,Sompal Kami,1,1,Away
6/24/25,Netherlands,1,25,5,Sompal Kami,.,0,Away
6/24/25,Netherlands,1,25,6,Sompal Kami,.,0,Away
6/24/25,Netherlands,1,25,7,Sompal Kami,1,1,Away
6/24/25,Netherlands,1,26,1,Sandeep Lamichhane,1,1,Away
6/24/25,Netherlands,1,26,2,Sandeep Lamichhane,1,1,Away
6/24/25,Netherlands,1,26,3,Sandeep Lamichhane,1,1,Away
6/24/25,Netherlands,1,26,4,Sandeep Lamichhane,.,0,Away
6/24/25,Netherlands,1,26,5,Sandeep Lamichhane,1,1,Away
6/24/25,Netherlands,1,26,6,Sandeep Lamichhane,2,2,Away
6/24/25,Netherlands,1,27,1,Lalit Rajbanshi,W,0,Away
6/24/25,Netherlands,1,27,2,Lalit Rajbanshi,.,0,Away
6/24/25,Netherlands,1,27,3,Lalit Rajbanshi,1,1,Away
6/24/25,Netherlands,1,27,4,Lalit Rajbanshi,.,0,Away
6/24/25,Netherlands,1,27,5,Lalit Rajbanshi,.,0,Away
6/24/25,Netherlands,1,27,6,Lalit Rajbanshi,.,0,Away
6/24/25,Netherlands,1,28,1,Sandeep Lamichhane,1lb,1,Away
6/24/25,Netherlands,1,28,2,Sandeep Lamichhane,.,0,Away
6/24/25,Netherlands,1,28,3,Sandeep Lamichhane,1,1,Away
6/24/25,Netherlands,1,28,4,Sandeep Lamichhane,.,0,Away
6/24/25,Netherlands,1,28,5,Sandeep Lamichhane,1,1,Away
6/24/25,Netherlands,1,28,6,Sandeep Lamichhane,.,0,Away
6/24/25,Netherlands,1,29,1,Lalit Rajbanshi,.,0,Away
6/24/25,Netherlands,1,29,2,Lalit Rajbanshi,.,0,Away
6/24/25,Netherlands,1,29,3,Lalit Rajbanshi,.,0,Away
6/24/25,Netherlands,1,29,4,Lalit Rajbanshi,.,0,Away
6/24/25,Netherlands,1,29,5,Lalit Rajbanshi,.,0,Away
6/24/25,Netherlands,1,29,6,Lalit Rajbanshi,1,1,Away
6/24/25,Netherlands,1,30,1,Sandeep Lamichhane,.,0,Away
6/24/25,Netherlands,1,30,2,Sandeep Lamichhane,1,1,Away
6/24/25,Netherlands,1,30,3,Sandeep Lamichhane,1,1,Away
6/24/25,Netherlands,1,30,4,Sandeep Lamichhane,1,1,Away
6/24/25,Netherlands,1,30,5,Sandeep Lamichhane,2,2,Away
6/24/25,Netherlands,1,30,6,Sandeep Lamichhane,.,0,Away
6/24/25,Netherlands,1,31,1,Lalit Rajbanshi,1,1,Away
6/24/25,Netherlands,1,31,2,Lalit Rajbanshi,4,4,Away
6/24/25,Netherlands,1,31,3,Lalit Rajbanshi,.,0,Away
6/24/25,Netherlands,1,31,4,Lalit Rajbanshi,2,2,Away
6/24/25,Netherlands,1,31,5,Lalit Rajbanshi,1,1,Away
6/24/25,Netherlands,1,31,6,Lalit Rajbanshi,1,1,Away
6/24/25,Netherlands,1,32,1,Aarif Sheikh,1w,1,Away
6/24/25,Netherlands,1,32,2,Aarif Sheikh,1,1,Away
6/24/25,Netherlands,1,32,3,Aarif Sheikh,1,1,Away
6/24/25,Netherlands,1,32,4,Aarif Sheikh,.,0,Away
6/24/25,Netherlands,1,32,5,Aarif Sheikh,5w,5,Away
6/24/25,Netherlands,1,32,6,Aarif Sheikh,1,1,Away
6/24/25,Netherlands,1,32,7,Aarif Sheikh,1,1,Away
6/24/25,Netherlands,1,32,8,Aarif Sheikh,.,0,Away
6/24/25,Netherlands,1,33,1,Aarif Sheikh,.,0,Away
6/24/25,Netherlands,1,33,2,Aarif Sheikh,2,2,Away
6/24/25,Netherlands,1,33,3,Aarif Sheikh,.,0,Away
6/24/25,Netherlands,1,33,4,Aarif Sheikh,2,2,Away
6/24/25,Netherlands,1,33,5,Aarif Sheikh,W,0,Away
6/24/25,Netherlands,1,33,6,Aarif Sheikh,.,0,Away
6/24/25,Netherlands,1,34,1,Sandeep Lamichhane,1,1,Away
6/24/25,Netherlands,1,34,2,Sandeep Lamichhane,.,0,Away
6/24/25,Netherlands,1,34,3,Sandeep Lamichhane,.,0,Away
6/24/25,Netherlands,1,34,4,Sandeep Lamichhane,.,0,Away
6/24/25,Netherlands,1,34,5,Sandeep Lamichhane,1,1,Away
6/24/25,Netherlands,1,34,6,Sandeep Lamichhane,1,1,Away
6/24/25,Netherlands,1,35,1,Lalit Rajbanshi,.,0,Away
6/24/25,Netherlands,1,35,2,Lalit Rajbanshi,.,0,Away
6/24/25,Netherlands,1,35,3,Lalit Rajbanshi,.,0,Away
6/24/25,Netherlands,1,35,4,Lalit Rajbanshi,1,1,Away
6/24/25,Netherlands,1,35,5,Lalit Rajbanshi,.,0,Away
6/24/25,Netherlands,1,35,6,Lalit Rajbanshi,3,3,Away
6/24/25,Netherlands,1,36,1,Sandeep Lamichhane,.,0,Away
6/24/25,Netherlands,1,36,2,Sandeep Lamichhane,.,0,Away
6/24/25,Netherlands,1,36,3,Sandeep Lamichhane,.,0,Away
6/24/25,Netherlands,1,36,4,Sandeep Lamichhane,1,1,Away
6/24/25,Netherlands,1,36,5,Sandeep Lamichhane,1,1,Away
6/24/25,Netherlands,1,36,6,Sandeep Lamichhane,1,1,Away
6/24/25,Netherlands,1,37,1,Karan KC,.,0,Away
6/24/25,Netherlands,1,37,2,Karan KC,.,0,Away
6/24/25,Netherlands,1,37,3,Karan KC,4,4,Away
6/24/25,Netherlands,1,37,4,Karan KC,.,0,Away
6/24/25,Netherlands,1,37,5,Karan KC,.,0,Away
6/24/25,Netherlands,1,37,6,Karan KC,1,1,Away
6/24/25,Netherlands,1,38,1,Sandeep Lamichhane,1,1,Away
6/24/25,Netherlands,1,38,2,Sandeep Lamichhane,.,0,Away
6/24/25,Netherlands,1,38,3,Sandeep Lamichhane,W,0,Away
6/24/25,Netherlands,1,38,4,Sandeep Lamichhane,2,2,Away
6/24/25,Netherlands,1,38,5,Sandeep Lamichhane,1,1,Away
6/24/25,Netherlands,1,38,6,Sandeep Lamichhane,4,4,Away
6/24/25,Netherlands,1,39,1,Sandeep Lamichhane,.,0,Away
6/24/25,Netherlands,1,39,2,Sandeep Lamichhane,.,0,Away
6/24/25,Netherlands,1,39,3,Sandeep Lamichhane,W,0,Away
6/24/25,Netherlands,1,39,4,Sandeep Lamichhane,1,1,Away
6/24/25,Netherlands,1,39,5,Sandeep Lamichhane,.,0,Away
6/24/25,Netherlands,1,39,6,Sandeep Lamichhane,1,1,Away
6/24/25,Netherlands,1,40,1,Sandeep Lamichhane,.,0,Away
6/24/25,Netherlands,1,40,2,Sandeep Lamichhane,.,0,Away
6/24/25,Netherlands,1,40,3,Sandeep Lamichhane,.,0,Away
6/24/25,Netherlands,1,40,4,Sandeep Lamichhane,2,2,Away
6/24/25,Netherlands,1,40,5,Sandeep Lamichhane,1w,1,Away
6/24/25,Netherlands,1,40,6,Sandeep Lamichhane,.,0,Away
6/24/25,Netherlands,1,40,7,Sandeep Lamichhane,1,1,Away
6/24/25,Netherlands,1,41,1,Karan KC,1w,1,Away
6/24/25,Netherlands,1,41,1,Karan KC,.,0,Away
6/24/25,Netherlands,1,41,2,Karan KC,.,0,Away
6/24/25,Netherlands,1,41,3,Karan KC,1,1,Away
6/24/25,Netherlands,1,41,4,Karan KC,.,0,Away
6/24/25,Netherlands,1,41,5,Karan KC,1,1,Away
6/24/25,Netherlands,1,41,6,Karan KC,.,0,Away
6/24/25,Netherlands,1,42,1,Sompal Kami,1,1,Away
6/24/25,Netherlands,1,42,2,Sompal Kami,.,0,Away
6/24/25,Netherlands,1,42,3,Sompal Kami,1,1,Away
6/24/25,Netherlands,1,42,4,Sompal Kami,.,0,Away
6/24/25,Netherlands,1,42,5,Sompal Kami,1,1,Away
6/24/25,Netherlands,1,42,6,Sompal Kami,1w,1,Away
6/24/25,Netherlands,1,42,6,Sompal Kami,.,0,Away
6/24/25,Netherlands,1,43,1,Lalit Rajbanshi,2,2,Away
6/24/25,Netherlands,1,43,2,Lalit Rajbanshi,1,1,Away
6/24/25,Netherlands,1,43,3,Lalit Rajbanshi,.,0,Away
6/24/25,Netherlands,1,43,4,Lalit Rajbanshi,2,2,Away
6/24/25,Netherlands,1,43,5,Lalit Rajbanshi,.,0,Away
6/24/25,Netherlands,1,43,6,Lalit Rajbanshi,.,0,Away
6/24/25,Netherlands,1,44,1,Sompal Kami,.,0,Away
6/24/25,Netherlands,1,44,2,Sompal Kami,.,0,Away
6/24/25,Netherlands,1,44,3,Sompal Kami,2,2,Away
6/24/25,Netherlands,1,44,4,Sompal Kami,1,1,Away
6/24/25,Netherlands,1,44,5,Sompal Kami,4,4,Away
6/24/25,Netherlands,1,44,6,Sompal Kami,.,0,Away
6/24/25,Netherlands,1,45,1,Lalit Rajbanshi,1,1,Away
6/24/25,Netherlands,1,45,2,Lalit Rajbanshi,1,1,Away
6/24/25,Netherlands,1,45,3,Lalit Rajbanshi,1,1,Away
6/24/25,Netherlands,1,45,4,Lalit Rajbanshi,1,1,Away
6/24/25,Netherlands,1,45,5,Lalit Rajbanshi,1,1,Away
6/24/25,Netherlands,1,45,6,Lalit Rajbanshi,1,1,Away
6/24/25,Netherlands,1,46,1,Sandeep Lamichhane,2,2,Away
6/24/25,Netherlands,1,46,2,Sandeep Lamichhane,.,0,Away
6/24/25,Netherlands,1,46,3,Sandeep Lamichhane,2,2,Away
6/24/25,Netherlands,1,46,4,Sandeep Lamichhane,.,0,Away
6/24/25,Netherlands,1,46,5,Sandeep Lamichhane,4,4,Away
6/24/25,Netherlands,1,46,6,Sandeep Lamichhane,.,0,Away
6/24/25,Netherlands,1,47,1,Karan KC,1,1,Away
6/24/25,Netherlands,1,47,2,Karan KC,.,0,Away
6/24/25,Netherlands,1,47,3,Karan KC,3,3,Away
6/24/25,Netherlands,1,47,4,Karan KC,.,0,Away
6/24/25,Netherlands,1,47,5,Karan KC,2,2,Away
6/24/25,Netherlands,1,47,6,Karan KC,1,1,Away
6/24/25,Netherlands,1,48,1,Sompal Kami,2,2,Away
6/24/25,Netherlands,1,48,2,Sompal Kami,1,1,Away
6/24/25,Netherlands,1,48,3,Sompal Kami,4,4,Away
6/24/25,Netherlands,1,48,4,Sompal Kami,2,2,Away
6/24/25,Netherlands,1,48,5,Sompal Kami,W,0,Away
6/24/25,Netherlands,1,48,6,Sompal Kami,1lb,1,Away
6/24/25,Netherlands,1,49,1,Karan KC,.,0,Away
6/24/25,Netherlands,1,49,2,Karan KC,1,1,Away
6/24/25,Netherlands,1,49,3,Karan KC,1W,1,Away
6/24/25,Netherlands,1,49,4,Karan KC,1,1,Away
6/24/25,Netherlands,1,49,5,Karan KC,.,0,Away
6/24/25,Netherlands,1,49,6,Karan KC,.,0,Away
6/24/25,Netherlands,1,50,1,Sompal Kami,W,0,Away